folder_base,image files
lewis_e_m_001_002,mcai010021.tif|mcai010022.tif
lewis_e_m_001_003,mcai010031.tif|mcai010032.tif
lewis_e_m_001_004,mcai010041.tif|mcai010042.tif
lewis_e_m_001_005,mcai010051.tif|mcai010052.tif
lewis_e_m_001_006,mcai010061.tif|mcai010062.tif
lewis_e_m_001_007,mcai010071.tif|mcai010072.tif
lewis_e_m_001_008,mcai010081.tif|mcai010082.tif
lewis_e_m_001_009,mcai010091.tif|mcai010092.tif
lewis_e_m_001_010,mcai010101.tif|mcai010102.tif
lewis_e_m_001_011,mcai010111.tif|mcai010112.tif
lewis_e_m_001_012,mcai010121.tif|mcai010122.tif
lewis_e_m_001_013,mcai010131.tif
lewis_e_m_001_014,mcai010141.tif
lewis_e_m_001_015,mcai010151.tif
lewis_e_m_001_015a,mcai010153.tif
lewis_e_m_001_016,mcai010161.tif|mcai010162.tif
lewis_e_m_001_017,mcai010173.tif|mcai010174.tif|mcai010175.tif|mcai010176.tif
lewis_e_m_001_018,mcai010181.tif|mcai010182.tif
lewis_e_m_001_019,mcai010191.tif|mcai010192.tif
lewis_e_m_001_020,mcai010201.tif|mcai010202.tif
lewis_e_m_001_021,mcai010211.tif|mcai010212.tif
lewis_e_m_001_022,mcai010221.tif|mcai010222.tif
lewis_e_m_001_023,mcai010231.tif
lewis_e_m_001_024,mcai010241.tif|mcai010242.tif
lewis_e_m_001_025,mcai010251.tif|mcai010252.tif
lewis_e_m_001_026,mcai010261.tif|mcai010262.tif
lewis_e_m_001_027,mcai010271.tif|mcai010272.tif
lewis_e_m_001_028,mcai010281.tif|mcai010282.tif
lewis_e_m_001_029,mcai010291.tif|mcai010292.tif
lewis_e_m_002_001,mcai020011.tif|mcai020012.tif
lewis_e_m_002_002,mcai020021.tif|mcai020022.tif
lewis_e_m_002_003,mcai020031.tif|mcai020032.tif
lewis_e_m_002_004,mcai020041.tif|mcai020042.tif
lewis_e_m_002_005,mcai020051.tif|mcai020052.tif
lewis_e_m_002_006,mcai020061.tif|mcai020062.tif
lewis_e_m_002_007,mcai020071.tif
lewis_e_m_002_008,mcai020080.tif|mcai020083.tif|mcai020084.tif|mcai020085.tif|mcai020086.tif|mcai020087.tif|mcai020088.tif|mcai020089.tif
lewis_e_m_002_009,mcai020091.tif|mcai020092.tif
lewis_e_m_002_010,mcai020101.tif|mcai020102.tif
lewis_e_m_002_011,mcai020111.tif|mcai020112.tif
lewis_e_m_002_012,mcai020121.tif|mcai020122.tif
lewis_e_m_002_013,mcai020131.tif|mcai020132.tif
lewis_e_m_002_014,mcai020141.tif|mcai020142.tif
lewis_e_m_003_001,mcai030011.tif
lewis_e_m_003_002,mcai030021.tif
lewis_e_m_003_003,mcai030031.tif
lewis_e_m_003_004,mcai030041.tif
lewis_e_m_003_005,mcai030051.tif
lewis_e_m_003_006,mcai030061.tif
lewis_e_m_003_007,mcai030071.tif
lewis_e_m_003_008,mcai030081.tif
lewis_e_m_003_009,mcai030091.tif
lewis_e_m_003_010,mcai030101.tif
lewis_e_m_003_011,mcai030111.tif
lewis_e_m_003_012,mcai030121.tif
lewis_e_m_003_013,mcai030131.tif
lewis_e_m_003_014,mcai030141.tif
lewis_e_m_003_015,mcai030151.tif
lewis_e_m_003_016,mcai030161.tif
lewis_e_m_003_017,mcai030171.tif
lewis_e_m_003_018,mcai030181.tif
lewis_e_m_003_019,mcai030191.tif
lewis_e_m_003_020,mcai030201.tif
lewis_e_m_003_021,mcai030211.tif
lewis_e_m_003_022,mcai030221.tif
lewis_e_m_003_023,mcai030231.tif
lewis_e_m_003_024,mcai030241.tif
lewis_e_m_003_025,mcai030251.tif
lewis_e_m_003_026,mcai030261.tif
lewis_e_m_003_027,mcai030271.tif
lewis_e_m_003_028,mcai030281.tif
lewis_e_m_004_001,mcai040011.tif|mcai040012.tif
lewis_e_m_004_002,mcai040021.tif|mcai040022.tif
lewis_e_m_004_003,mcai040031.tif|mcai040032.tif
lewis_e_m_004_004,mcai040043.tif|mcai040044.tif|mcai040045.tif|mcai040046.tif|mcai040047.tif|mcai040048.tif
lewis_e_m_004_005,mcai040053.tif|mcai040054.tif|mcai040055.tif|mcai040056.tif|mcai040057.tif|mcai040058.tif
lewis_e_m_004_006,mcai040061.tif|mcai040062.tif
lewis_e_m_004_007,mcai040071.tif|mcai040072.tif
lewis_e_m_004_008,mcai040081.tif|mcai040082.tif
lewis_e_m_004_009,mcai040091.tif|mcai040092.tif
lewis_e_m_004_010,mcai040101.tif|mcai040102.tif
lewis_e_m_004_011,mcai040111.tif|mcai040112.tif
lewis_e_m_004_012,mcai040121.tif|mcai040122.tif
lewis_e_m_004_013,mcai040131.tif|mcai040132.tif
lewis_e_m_004_014,mcai040141.tif|mcai040142.tif
lewis_e_m_005_001,mcai050011.tif|mcai050012.tif
lewis_e_m_005_002,mcai050021.tif|mcai050022.tif
lewis_e_m_005_003,mcai050031.tif|mcai050032.tif
lewis_e_m_005_004,mcai050041.tif|mcai050042.tif
lewis_e_m_005_005,mcai050051.tif|mcai050052.tif
lewis_e_m_005_006,mcai050061.tif|mcai050062.tif
lewis_e_m_005_007,mcai050071.tif
lewis_e_m_005_008,mcai050083.tif|mcai050084.tif|mcai050085.tif|mcai050086.tif|mcai050087.tif|mcai050088.tif
lewis_e_m_005_009,mcai050091.tif|mcai050092.tif
lewis_e_m_005_010,mcai050103.tif|mcai050104.tif|mcai050105.tif|mcai050106.tif
lewis_e_m_005_011,mcai050111.tif|mcai050112.tif
lewis_e_m_005_012,mcai050121.tif|mcai050122.tif
lewis_e_m_005_013,mcai050133.tif|mcai050135.tif|mcai050137.tif|mcai050139.tif
lewis_e_m_005_014,mcai050141.tif|mcai050142.tif
lewis_e_m_005_015,mcai050151.tif|mcai050152.tif
lewis_e_m_005_016,mcai050163.tif|mcai050165.tif|mcai050167.tif
lewis_e_m_005_017,mcai050171.tif|mcai050172.tif
lewis_e_m_005_018,mcai050181.tif|mcai050182.tif
lewis_e_m_005_019,mcai050191.tif|mcai050192.tif
lewis_e_m_005_020,mcai050201.tif|mcai050202.tif
lewis_e_m_005_021,mcai050211.tif|mcai050212.tif
lewis_e_m_005_021a,mcai050213.tif|mcai050214.tif
lewis_e_m_005_022,mcai050221.tif|mcai050222.tif
lewis_e_m_005_023,mcai050231.tif|mcai050232.tif
lewis_e_m_005_024,mcai050241.tif|mcai050242.tif
lewis_e_m_005_025,mcai050251.tif|mcai050252.tif
lewis_e_m_005_026,mcai050261.tif|mcai050262.tif
lewis_e_m_005_027,mcai050271.tif|mcai050272.tif
lewis_e_m_006_001,mcai060011.tif|mcai060012.tif
lewis_e_m_006_002,mcai060021.tif|mcai060022.tif
lewis_e_m_006_003,mcai060031.tif|mcai060032.tif
lewis_e_m_006_004,mcai060041.tif|mcai060042.tif
lewis_e_m_006_005,mcai060051.tif|mcai060052.tif
lewis_e_m_006_006,mcai060061.tif|mcai060062.tif
lewis_e_m_006_007,mcai060071.tif|mcai060072.tif
lewis_e_m_007_001,mcai070011.tif|mcai070012.tif
lewis_e_m_007_002,mcai070021.tif|mcai070022.tif
lewis_e_m_007_003,mcai070031.tif|mcai070032.tif
lewis_e_m_007_004,mcai070041.tif
lewis_e_m_007_005,mcai070051.tif
lewis_e_m_007_006a-l,mcai070061.tif
lewis_e_m_007_007a-j,mcai070071.tif|mcai070072.tif
lewis_e_m_007_008,mcai070081.tif|mcai070082.tif
lewis_e_m_007_009,mcai070091.tif|mcai070092.tif
lewis_e_m_007_010,mcai070101.tif|mcai070102.tif
lewis_e_m_007_011,mcai070111.tif|mcai070112.tif
lewis_e_m_008_001,mcai080011.tif|mcai080012.tif
lewis_e_m_008_002,mcai080021.tif|mcai080022.tif
lewis_e_m_008_003,mcai080031.tif|mcai080032.tif
lewis_e_m_008_004,mcai080041.tif|mcai080042.tif
lewis_e_m_008_005,mcai080051.tif|mcai080052.tif
lewis_e_m_008_006,mcai080061.tif|mcai080062.tif
lewis_e_m_008_007,mcai080071.tif|mcai080072.tif
lewis_e_m_008_008,mcai080081.tif|mcai080082.tif
lewis_e_m_008_009,mcai080091.tif|mcai080092.tif
lewis_e_m_008_010,mcai080101.tif|mcai080102.tif
lewis_e_m_008_011,mcai080111.tif|mcai080112.tif
lewis_e_m_008_012,mcai080121.tif|mcai080122.tif
lewis_e_m_008_013a-d,mcai080131.tif|mcai080132.tif|mcai080133.tif|mcai080134.tif|mcai080135.tif|mcai080136.tif|mcai080137.tif|mcai080138.tif
lewis_e_m_008_014a-d,mcai080141.tif|mcai080142.tif|mcai080143.tif|mcai080144.tif|mcai080145.tif|mcai080146.tif|mcai080147.tif|mcai080148.tif
lewis_e_m_008_015a-d,mcai080151.tif|mcai080152.tif|mcai080153.tif|mcai080154.tif|mcai080155.tif|mcai080156.tif|mcai080157.tif|mcai080158.tif
lewis_e_m_008_016a-c,mcai080163.tif|mcai080164.tif|mcai080165.tif|mcai080166.tif|mcai080167.tif|mcai080168.tif
lewis_e_m_008_017a-c,mcai080173.tif|mcai080174.tif|mcai080175.tif|mcai080176.tif|mcai080177.tif|mcai080178.tif
lewis_e_m_008_018a-c,mcai080183.tif|mcai080184.tif|mcai080185.tif|mcai080186.tif|mcai080187.tif|mcai080188.tif
lewis_e_m_008_019,mcai080191.tif|mcai080192.tif
lewis_e_m_008_020,mcai080201.tif|mcai080202.tif
lewis_e_m_008_021,mcai080211.tif|mcai080212.tif
lewis_e_m_008_022,mcai080221.tif|mcai080222.tif
lewis_e_m_008_023,mcai080231.tif|mcai080232.tif
lewis_e_m_008_024,mcai080241.tif|mcai080242.tif
lewis_e_m_009_001,mcai090011.tif|mcai090012.tif
lewis_e_m_009_002,mcai090021.tif|mcai090022.tif
lewis_e_m_009_003,mcai090031.tif|mcai090032.tif
lewis_e_m_009_004,mcai090041.tif|mcai090042.tif
lewis_e_m_009_005,mcai090051.tif|mcai090052.tif
lewis_e_m_009_006,mcai090061.tif|mcai090062.tif
lewis_e_m_009_006a,mcai090063.tif|mcai090064.tif
lewis_e_m_009_007,mcai090071.tif|mcai090072.tif
lewis_e_m_009_008,mcai090081.tif|mcai090082.tif
lewis_e_m_009_008a,mcai090083.tif|mcai090084.tif
lewis_e_m_009_008b,mcai090085.tif|mcai090086.tif
lewis_e_m_009_008c,mcai090087.tif|mcai090088.tif
lewis_e_m_009_009,mcai090091.tif|mcai090092.tif
lewis_e_m_009_010,mcai090101.tif|mcai090102.tif
lewis_e_m_009_011,mcai090111.tif|mcai090112.tif
lewis_e_m_009_012,mcai090121.tif|mcai090122.tif
lewis_e_m_009_013,mcai090131.tif|mcai090132.tif
lewis_e_m_009_014,mcai090141.tif|mcai090142.tif
lewis_e_m_009_014a,mcai090143.tif|mcai090144.tif
lewis_e_m_009_015,mcai090150.tif|mcai090153.tif|mcai090154.tif|mcai090155.tif|mcai090156.tif|mcai090157.tif|mcai090158.tif|mcai090159.tif
lewis_e_m_009_016a-d,mcai090161.tif|mcai090162.tif
lewis_e_m_009_016a,mcai090163.tif|mcai090164.tif
lewis_e_m_009_016b,mcai090165.tif|mcai090166.tif
lewis_e_m_009_017,mcai090171.tif|mcai090172.tif
lewis_e_m_009_017a,mcai090173.tif|mcai090174.tif
lewis_e_m_009_018,mcai090181.tif|mcai090182.tif
lewis_e_m_009_019,mcai090191.tif|mcai090192.tif
lewis_e_m_009_020,mcai090201.tif|mcai090202.tif
lewis_e_m_009_021,mcai090211.tif|mcai090212.tif
lewis_e_m_009_022,mcai090221.tif|mcai090222.tif
lewis_e_m_009_023,mcai090231.tif|mcai090232.tif
lewis_e_m_009_024,mcai090241.tif|mcai090242.tif
lewis_e_m_009_025,mcai090251.tif|mcai090252.tif
lewis_e_m_009_026,mcai090261.tif|mcai090262.tif
lewis_e_m_009_027,mcai090271.tif|mcai090272.tif
lewis_e_m_010_001,mcai100011.tif|mcai100012.tif
lewis_e_m_010_002,mcai100021.tif|mcai100022.tif
lewis_e_m_010_003,mcai100031.tif|mcai100032.tif
lewis_e_m_010_004,mcai100041.tif|mcai100042.tif
lewis_e_m_010_004a,mcai100043.tif|mcai100044.tif
lewis_e_m_010_004b,mcai100045.tif|mcai100046.tif
lewis_e_m_010_005,mcai100051.tif|mcai100052.tif
lewis_e_m_010_006,mcai100061.tif|mcai100062.tif
lewis_e_m_010_007,mcai100071.tif|mcai100072.tif
lewis_e_m_010_008,mcai100083.tif|mcai100084.tif|mcai100085.tif|mcai100086.tif
lewis_e_m_010_009,mcai100091.tif|mcai100092.tif
lewis_e_m_010_010,mcai100101.tif|mcai100102.tif
lewis_e_m_010_011,mcai100111.tif|mcai100112.tif
lewis_e_m_010_012,mcai100121.tif|mcai100122.tif
lewis_e_m_010_013,mcai100131.tif|mcai100132.tif
lewis_e_m_011_001,mcai110011.tif|mcai110012.tif
lewis_e_m_011_001a,mcai110013.tif|mcai110014.tif
lewis_e_m_011_002,mcai110021.tif|mcai110022.tif
lewis_e_m_011_003,mcai110031.tif|mcai110032.tif
lewis_e_m_011_004,mcai110041.tif|mcai110042.tif
lewis_e_m_011_005,mcai110051.tif|mcai110052.tif
lewis_e_m_011_006,mcai110061.tif|mcai110062.tif
lewis_e_m_011_007,mcai110071.tif|mcai110072.tif
lewis_e_m_011_008,mcai110081.tif|mcai110082.tif
lewis_e_m_011_009,mcai110091.tif|mcai110092.tif
lewis_e_m_011_010,mcai110101.tif|mcai110102.tif
lewis_e_m_011_010a,mcai110103.tif|mcai110104.tif
lewis_e_m_011_010b,mcai110105.tif|mcai110106.tif
lewis_e_m_011_011,mcai110111.tif|mcai110112.tif
lewis_e_m_011_012,mcai110121.tif|mcai110122.tif
lewis_e_m_011_013,mcai110131.tif|mcai110132.tif
lewis_e_m_011_014,mcai110141.tif|mcai110142.tif
lewis_e_m_011_015a,mcai110153.tif|mcai110154.tif
lewis_e_m_011_015b,mcai110155.tif|mcai110156.tif
lewis_e_m_011_016,mcai110161.tif|mcai110162.tif
lewis_e_m_011_017,mcai110171.tif|mcai110172.tif
lewis_e_m_011_018,mcai110181.tif|mcai110182.tif
lewis_e_m_011_019,mcai110191.tif|mcai110192.tif
lewis_e_m_011_020,mcai110201.tif|mcai110202.tif
lewis_e_m_011_021,mcai110211.tif|mcai110212.tif
lewis_e_m_011_022,mcai110221.tif|mcai110222.tif
lewis_e_m_011_023,mcai110231.tif|mcai110232.tif
lewis_e_m_011_024,mcai110241.tif|mcai110242.tif
lewis_e_m_011_025,mcai110251.tif|mcai110252.tif
lewis_e_m_011_026,mcai110261.tif|mcai110262.tif
lewis_e_m_011_027,mcai110271.tif|mcai110272.tif
lewis_e_m_011_028,mcai110281.tif|mcai110282.tif
lewis_e_m_011_029,mcai110291.tif|mcai110292.tif
lewis_e_m_012_001,mcai120011.tif|mcai120012.tif
lewis_e_m_012_002,mcai120023.tif|mcai120024.tif|mcai120025.tif|mcai120026.tif
lewis_e_m_012_003,mcai120031.tif|mcai120032.tif
lewis_e_m_012_004,mcai120041.tif|mcai120042.tif
lewis_e_m_012_005,mcai120051.tif|mcai120052.tif
lewis_e_m_012_006,mcai120061.tif|mcai120062.tif
lewis_e_m_012_007,mcai120071.tif|mcai120072.tif
lewis_e_m_012_008,mcai120081.tif|mcai120082.tif
lewis_e_m_012_009,mcai120091.tif|mcai120092.tif
lewis_e_m_012_010,mcai120101.tif|mcai120102.tif
lewis_e_m_012_011,mcai120111.tif|mcai120112.tif
lewis_e_m_012_012,mcai120121.tif|mcai120122.tif
lewis_e_m_012_013,mcai120131.tif|mcai120132.tif
lewis_e_m_012_014,mcai120141.tif|mcai120142.tif
lewis_e_m_012_015,mcai120151.tif|mcai120152.tif
lewis_e_m_012_016,mcai120161.tif
lewis_e_m_012_017,mcai120171.tif|mcai120172.tif
lewis_e_m_012_018,mcai120181.tif|mcai120182.tif
lewis_e_m_012_019,mcai120191.tif|mcai120192.tif
lewis_e_m_012_020,mcai120201.tif|mcai120202.tif
lewis_e_m_012_021,mcai120211.tif|mcai120212.tif
lewis_e_m_012_022,mcai120221.tif|mcai120222.tif
lewis_e_m_012_023,mcai120231.tif
lewis_e_m_012_024,mcai120241.tif|mcai120242.tif
lewis_e_m_012_025,mcai120251.tif|mcai120252.tif
lewis_e_m_013_001,mcai130011.tif|mcai130012.tif
lewis_e_m_013_002,mcai130021.tif|mcai130022.tif
lewis_e_m_013_003,mcai130031.tif|mcai130032.tif
lewis_e_m_013_004,mcai130041.tif|mcai130042.tif
lewis_e_m_013_005,mcai130051.tif|mcai130052.tif
lewis_e_m_013_006,mcai130061.tif|mcai130062.tif
lewis_e_m_013_007,mcai130071.tif|mcai130072.tif
lewis_e_m_013_008,mcai130081.tif|mcai130082.tif
lewis_e_m_013_009,mcai130091.tif|mcai130092.tif
lewis_e_m_013_010,mcai130101.tif|mcai130102.tif
lewis_e_m_013_011,mcai130111.tif|mcai130112.tif
lewis_e_m_013_012,mcai130121.tif|mcai130122.tif
lewis_e_m_013_013,mcai130131.tif|mcai130132.tif
lewis_e_m_013_014,mcai130141.tif|mcai130142.tif
lewis_e_m_013_015,mcai130151.tif|mcai130152.tif
lewis_e_m_013_016,mcai130161.tif|mcai130162.tif
lewis_e_m_013_017,mcai130171.tif|mcai130172.tif
lewis_e_m_013_018,mcai130181.tif|mcai130182.tif
lewis_e_m_013_019,mcai130191.tif|mcai130192.tif
lewis_e_m_014_001,mcai140011.tif|mcai140012.tif
lewis_e_m_014_002,mcai140021.tif|mcai140022.tif
lewis_e_m_014_003,mcai140031.tif|mcai140032.tif
lewis_e_m_014_004,mcai140041.tif|mcai140042.tif
lewis_e_m_014_005,mcai140051.tif|mcai140052.tif
lewis_e_m_014_006,mcai140061.tif|mcai140062.tif
lewis_e_m_014_007,mcai140071.tif|mcai140072.tif
lewis_e_m_014_008,mcai140081.tif|mcai140082.tif
lewis_e_m_014_009,mcai140091.tif|mcai140092.tif
lewis_e_m_014_010,mcai140101.tif|mcai140102.tif
lewis_e_m_014_011,mcai140111.tif|mcai140112.tif
lewis_e_m_014_012,mcai140121.tif|mcai140122.tif
lewis_e_m_014_013,mcai140131.tif|mcai140132.tif
lewis_e_m_014_014,mcai140141.tif|mcai140142.tif
lewis_e_m_014_015,mcai140151.tif|mcai140152.tif
lewis_e_m_014_016,mcai140161.tif|mcai140162.tif
lewis_e_m_014_017,mcai140171.tif|mcai140172.tif
lewis_e_m_015_001,mcai150011.tif|mcai150012.tif
lewis_e_m_015_002,mcai150021.tif|mcai150022.tif
lewis_e_m_015_003,mcai150031.tif|mcai150032.tif
lewis_e_m_015_004,mcai150041.tif|mcai150042.tif
lewis_e_m_015_005,mcai150051.tif|mcai150052.tif
lewis_e_m_015_006,mcai150061.tif|mcai150062.tif
lewis_e_m_015_007,mcai150071.tif|mcai150072.tif
lewis_e_m_015_008,mcai150081.tif
lewis_e_m_015_009,mcai150091.tif
lewis_e_m_015_010,mcai150101.tif
lewis_e_m_015_011,mcai150111.tif
lewis_e_m_015_012,mcai150121.tif
lewis_e_m_015_013,mcai150131.tif
lewis_e_m_015_014,mcai150141.tif
lewis_e_m_016_001,mcai160011.tif|mcai160012.tif
lewis_e_m_016_002,mcai160021.tif|mcai160022.tif
lewis_e_m_016_003,mcai160031.tif|mcai160032.tif
lewis_e_m_016_004,mcai160041.tif|mcai160042.tif
lewis_e_m_016_005,mcai160051.tif|mcai160052.tif
lewis_e_m_016_006,mcai160061.tif|mcai160062.tif
lewis_e_m_016_007,mcai160071.tif|mcai160072.tif
lewis_e_m_016_008-009,mcai160081.tif|mcai160082.tif|mcai160091.tif|mcai160092.tif
lewis_e_m_016_010,mcai160101.tif|mcai160102.tif
lewis_e_m_016_011,mcai160111.tif|mcai160112.tif
lewis_e_m_016_012,mcai160121.tif|mcai160122.tif
lewis_e_m_016_013,mcai160131.tif|mcai160132.tif
lewis_e_m_016_014,mcai160141.tif|mcai160142.tif
lewis_e_m_016_015,mcai160151.tif|mcai160152.tif
lewis_e_m_016_016,mcai160161.tif|mcai160162.tif
lewis_e_m_016_017,mcai160171.tif|mcai160172.tif
lewis_e_m_016_018,mcai160181.tif|mcai160182.tif
lewis_e_m_016_019,mcai160191.tif|mcai160192.tif
lewis_e_m_016_020,mcai160201.tif|mcai160202.tif
lewis_e_m_016_021,mcai160211.tif|mcai160212.tif
lewis_e_m_016_022,mcai160221.tif|mcai160222.tif
lewis_e_m_016_023,mcai160231.tif|mcai160232.tif
lewis_e_m_016_024-025,mcai160241.tif|mcai160242.tif|mcai160251.tif|mcai160252.tif
lewis_e_m_016_026-027,mcai160263.tif|mcai160264.tif|mcai160265.tif|mcai160266.tif|mcai160273.tif|mcai160274.tif|mcai160275.tif|mcai160276.tif
lewis_e_m_016_028-029,mcai160281.tif|mcai160282.tif|mcai160291.tif|mcai160292.tif
lewis_e_m_016_030,mcai160301.tif|mcai160302.tif
lewis_e_m_016_031,mcai160311.tif|mcai160312.tif
lewis_e_m_016_032,mcai160321.tif|mcai160322.tif
lewis_e_m_016_033,mcai160331.tif|mcai160332.tif
lewis_e_m_017_001,mcai170011.tif|mcai170012.tif
lewis_e_m_017_002,mcai170021.tif|mcai170022.tif
lewis_e_m_017_002a,mcai170023.tif|mcai170024.tif
lewis_e_m_017_003,mcai170031.tif|mcai170032.tif
lewis_e_m_017_003a,mcai170033.tif|mcai170034.tif
lewis_e_m_017_004,mcai170041.tif|mcai170042.tif
lewis_e_m_017_005,mcai170051.tif|mcai170052.tif
lewis_e_m_017_006,mcai170061.tif|mcai170062.tif
lewis_e_m_017_007,mcai170071.tif|mcai170072.tif
lewis_e_m_017_008,mcai170081.tif|mcai170082.tif
lewis_e_m_017_009,mcai170093.tif|mcai170094.tif|mcai170095.tif|mcai170096.tif
lewis_e_m_017_010,mcai170101.tif|mcai170102.tif
lewis_e_m_017_011,mcai170111.tif|mcai170112.tif
lewis_e_m_017_012,mcai170121.tif|mcai170122.tif
lewis_e_m_017_013,mcai170133.tif|mcai170134.tif|mcai170135.tif|mcai170136.tif
lewis_e_m_017_014,mcai170141.tif|mcai170142.tif
lewis_e_m_017_015,mcai170151.tif|mcai170152.tif
lewis_e_m_017_016,mcai170161.tif|mcai170162.tif
lewis_e_m_017_017,mcai170171.tif|mcai170172.tif
lewis_e_m_017_018,mcai170181.tif|mcai170182.tif
lewis_e_m_017_019,mcai170191.tif|mcai170192.tif
lewis_e_m_017_020,mcai170201.tif|mcai170202.tif
lewis_e_m_017_021,mcai170211.tif|mcai170212.tif
lewis_e_m_017_022,mcai170221.tif|mcai170222.tif
lewis_e_m_017_023,mcai170231.tif|mcai170232.tif
lewis_e_m_018_001-003,mcai180011.tif|mcai180012.tif|mcai180023.tif|mcai180024.tif|mcai180025.tif|mcai180026.tif|mcai180033.tif|mcai180034.tif|mcai180035.tif|mcai180036.tif
lewis_e_m_018_004,mcai180041.tif|mcai180042.tif
lewis_e_m_018_005-008,mcai180051.tif|mcai180052.tif|mcai180061.tif|mcai180062.tif|mcai180071.tif|mcai180072.tif|mcai180080.tif|mcai180081.tif|mcai180082.tif
lewis_e_m_018_009,mcai180091.tif|mcai180092.tif
lewis_e_m_018_010,mcai180101.tif|mcai180102.tif
lewis_e_m_018_011,mcai180111.tif|mcai180112.tif
lewis_e_m_019_001,mcai190011.tif|mcai190012.tif
lewis_e_m_019_002,mcai190021.tif|mcai190022.tif
lewis_e_m_019_003,mcai190031.tif|mcai190032.tif
lewis_e_m_019_004,mcai190041.tif|mcai190042.tif
lewis_e_m_019_005,mcai190051.tif|mcai190052.tif
lewis_e_m_019_006,mcai190061.tif|mcai190062.tif
lewis_e_m_019_007,mcai190071.tif|mcai190072.tif
lewis_e_m_019_008,mcai190081.tif|mcai190082.tif
lewis_e_m_019_009,mcai190091.tif|mcai190092.tif
lewis_e_m_019_010,mcai190101.tif|mcai190102.tif
lewis_e_m_019_011,mcai190111.tif|mcai190112.tif
lewis_e_m_019_012,mcai190121.tif|mcai190122.tif
lewis_e_m_019_013,mcai190131.tif|mcai190132.tif
lewis_e_m_019_014,mcai190141.tif|mcai190142.tif
lewis_e_m_019_015,mcai190151.tif|mcai190152.tif
lewis_e_m_019_016,mcai190161.tif|mcai190162.tif
lewis_e_m_019_017,mcai190171.tif|mcai190172.tif
lewis_e_m_019_018,mcai190181.tif|mcai190182.tif
lewis_e_m_019_019,mcai190191.tif|mcai190192.tif
lewis_e_m_019_020,mcai190201.tif|mcai190202.tif
lewis_e_m_019_021,mcai190211.tif|mcai190212.tif
lewis_e_m_019_022,mcai190221.tif|mcai190222.tif
lewis_e_m_019_023,mcai190231.tif|mcai190232.tif
lewis_e_m_019_024,mcai190241.tif|mcai190242.tif
lewis_e_m_019_025,mcai190251.tif|mcai190252.tif
lewis_e_m_020_001,mcai200011.tif|mcai200012.tif
lewis_e_m_020_002-003,mcai200021.tif|mcai200031.tif
lewis_e_m_020_004,mcai200041.tif|mcai200042.tif
lewis_e_m_020_005,mcai200051.tif|mcai200052.tif
lewis_e_m_020_006,mcai200061.tif|mcai200062.tif
lewis_e_m_020_007,mcai200071.tif|mcai200072.tif
lewis_e_m_020_008,mcai200081.tif|mcai200082.tif
lewis_e_m_020_009,mcai200091.tif|mcai200092.tif
lewis_e_m_020_010,mcai200101.tif|mcai200102.tif
lewis_e_m_020_011,mcai200111.tif|mcai200112.tif
lewis_e_m_020_012,mcai200121.tif|mcai200122.tif
lewis_e_m_020_013,mcai200131.tif|mcai200132.tif
lewis_e_m_020_014,mcai200141.tif|mcai200142.tif
lewis_e_m_020_015,mcai200151.tif|mcai200152.tif
lewis_e_m_020_016,mcai200161.tif|mcai200162.tif
lewis_e_m_020_017,mcai200171.tif|mcai200172.tif
lewis_e_m_020_018,mcai200181.tif|mcai200182.tif
lewis_e_m_020_019,mcai200191.tif|mcai200192.tif
lewis_e_m_020_020,mcai200201.tif|mcai200202.tif
lewis_e_m_020_021,mcai200211.tif|mcai200212.tif
lewis_e_m_020_022,mcai200221.tif|mcai200222.tif
lewis_e_m_021_001,mcai210011.tif|mcai210012.tif
lewis_e_m_021_002-003,mcai210021.tif|mcai210022.tif|mcai210031.tif|mcai210032.tif
lewis_e_m_021_004-028,mcai210041.tif|mcai210042.tif|mcai210051.tif|mcai210052.tif|mcai210061.tif|mcai210062.tif|mcai210071.tif|mcai210072.tif|mcai210081.tif|mcai210082.tif|mcai210091.tif|mcai210092.tif|mcai210101.tif|mcai210102.tif|mcai210111.tif|mcai210112.tif|mcai210121.tif|mcai210122.tif|mcai210131.tif|mcai210132.tif|mcai210141.tif|mcai210142.tif|mcai210151.tif|mcai210152.tif|mcai210161.tif|mcai210162.tif|mcai210171.tif|mcai210172.tif|mcai210181.tif|mcai210182.tif|mcai210191.tif|mcai210192.tif|mcai210201.tif|mcai210202.tif|mcai210211.tif|mcai210212.tif|mcai210221.tif|mcai210222.tif|mcai210231.tif|mcai210232.tif|mcai210241.tif|mcai210242.tif|mcai210251.tif|mcai210252.tif|mcai210261.tif|mcai210262.tif|mcai210271.tif|mcai210272.tif|mcai210281.tif|mcai210282.tif
lewis_e_m_021_029,mcai210291.tif|mcai210292.tif
lewis_e_m_022_001,mcai220011.tif|mcai220012.tif
lewis_e_m_022_002-004,mcai220021.tif|mcai220022.tif|mcai220033.tif|mcai220034.tif|mcai220035.tif|mcai220036.tif|mcai220041.tif|mcai220042.tif
lewis_e_m_022_005,mcai220053.tif|mcai220054.tif|mcai220055.tif|mcai220056.tif|mcai220057.tif|mcai220058.tif
lewis_e_m_022_006,mcai220061.tif|mcai220062.tif
lewis_e_m_022_007-016,mcai220071.tif|mcai220072.tif|mcai220081.tif|mcai220082.tif|mcai220091.tif|mcai220092.tif|mcai220101.tif|mcai220102.tif|mcai220111.tif|mcai220112.tif|mcai220121.tif|mcai220122.tif|mcai220131.tif|mcai220132.tif|mcai220141.tif|mcai220142.tif|mcai220151.tif|mcai220152.tif|mcai220161.tif|mcai220162.tif
lewis_e_m_022_017,mcai220171.tif|mcai220172.tif
lewis_e_m_022_018-021,mcai220181.tif|mcai220182.tif|mcai220191.tif|mcai220192.tif|mcai220201.tif|mcai220202.tif|mcai220211.tif|mcai220212.tif
lewis_e_m_023_001-006,mcai230011.tif|mcai230012.tif|mcai230021.tif|mcai230022.tif|mcai230031.tif|mcai230032.tif|mcai230041.tif|mcai230042.tif|mcai230051.tif|mcai230052.tif|mcai230061.tif|mcai230062.tif
lewis_e_m_023_007a-d,mcai230070.tif|mcai230073.tif|mcai230074.tif|mcai230075.tif|mcai230076.tif|mcai230077.tif|mcai230078.tif|mcai230079.tif
lewis_e_m_023_008,mcai230081.tif|mcai230082.tif
lewis_e_m_023_009,mcai230091.tif|mcai230092.tif
lewis_e_m_023_010,mcai230101.tif|mcai230102.tif
lewis_e_m_023_011,mcai230111.tif
lewis_e_m_023_012,mcai230121.tif|mcai230122.tif
lewis_e_m_023_013,mcai230131.tif|mcai230132.tif
lewis_e_m_023_014,mcai230141.tif|mcai230142.tif
lewis_e_m_023_015,mcai230151.tif|mcai230152.tif
lewis_e_m_023_016,mcai230161.tif|mcai230162.tif
lewis_e_m_023_017,mcai230171.tif|mcai230172.tif
lewis_e_m_023_018,mcai230180.tif|mcai230183.tif|mcai230184.tif|mcai230185.tif|mcai230186.tif|mcai230187.tif|mcai230188.tif|mcai230189.tif
lewis_e_m_023_019,mcai230191.tif|mcai230192.tif
lewis_e_m_023_020,mcai230201.tif|mcai230202.tif
lewis_e_m_023_021,mcai230213.tif|mcai230214.tif|mcai230215.tif|mcai230216.tif
lewis_e_m_023_022,mcai230221.tif|mcai230222.tif
lewis_e_m_023_023,mcai230231.tif|mcai230232.tif
lewis_e_m_023_024,mcai230241.tif|mcai230242.tif
lewis_e_m_024_001-004,mcai240011.tif|mcai240012.tif|mcai240021.tif|mcai240022.tif|mcai240031.tif|mcai240032.tif|mcai240041.tif|mcai240042.tif
lewis_e_m_024_005,mcai240051.tif|mcai240052.tif
lewis_e_m_024_006,mcai240061.tif|mcai240062.tif
lewis_e_m_024_007,mcai240071.tif|mcai240072.tif
lewis_e_m_024_008,mcai240081.tif|mcai240082.tif
lewis_e_m_024_009,mcai240091.tif|mcai240092.tif
lewis_e_m_024_010,mcai240101.tif
lewis_e_m_024_011,mcai240111.tif
lewis_e_m_024_012,mcai240121.tif|mcai240122.tif
lewis_e_m_024_013,mcai240131.tif|mcai240132.tif
lewis_e_m_024_014,mcai240141.tif|mcai240142.tif
lewis_e_m_024_015,mcai240151.tif|mcai240152.tif
lewis_e_m_024_016,mcai240161.tif|mcai240162.tif
lewis_e_m_024_017,mcai240171.tif|mcai240172.tif
lewis_e_m_024_018,mcai240181.tif|mcai240182.tif
lewis_e_m_024_019,mcai240191.tif|mcai240192.tif
lewis_e_m_024_020,mcai240201.tif|mcai240202.tif
lewis_e_m_024_021,mcai240211.tif|mcai240212.tif
lewis_e_m_024_022,mcai240221.tif|mcai240222.tif
lewis_e_m_024_023,mcai240231.tif|mcai240232.tif
lewis_e_m_024_024,mcai240241.tif|mcai240242.tif
lewis_e_m_024_025,mcai240251.tif|mcai240252.tif
lewis_e_m_024_026,mcai240261.tif|mcai240262.tif
lewis_e_m_024_027,mcai240271.tif|mcai240272.tif
lewis_e_m_024_028,mcai240281.tif|mcai240282.tif
lewis_e_m_024_029,mcai240291.tif|mcai240292.tif
lewis_e_m_024_030,mcai240301.tif|mcai240302.tif
lewis_e_m_024_031,mcai240311.tif|mcai240312.tif
lewis_e_m_025_001,mcai250011.tif|mcai250012.tif
lewis_e_m_025_002,mcai250021.tif|mcai250022.tif
lewis_e_m_025_003,mcai250031.tif
lewis_e_m_025_004,mcai250041.tif|mcai250042.tif
lewis_e_m_025_005,mcai250051.tif|mcai250052.tif
lewis_e_m_025_006,mcai250061.tif|mcai250062.tif
lewis_e_m_025_007,mcai250071.tif|mcai250072.tif
lewis_e_m_025_007a,mcai250073.tif|mcai250074.tif
lewis_e_m_025_008,mcai250081.tif|mcai250082.tif
lewis_e_m_025_009,mcai250091.tif|mcai250092.tif
lewis_e_m_025_010,mcai250101.tif|mcai250102.tif
lewis_e_m_025_011,mcai250111.tif|mcai250112.tif
lewis_e_m_025_012,mcai250121.tif|mcai250122.tif
lewis_e_m_025_013,mcai250131.tif|mcai250132.tif
lewis_e_m_025_014,mcai250141.tif|mcai250142.tif
lewis_e_m_025_015,mcai250151.tif|mcai250152.tif
lewis_e_m_025_016,mcai250161.tif|mcai250162.tif
lewis_e_m_025_017,mcai250171.tif|mcai250172.tif
lewis_e_m_025_018,mcai250181.tif|mcai250182.tif
lewis_e_m_025_019,mcai250191.tif|mcai250192.tif
lewis_e_m_025_020,mcai250201.tif|mcai250202.tif
lewis_e_m_025_021,mcai250211.tif|mcai250212.tif
lewis_e_m_025_022,mcai250221.tif|mcai250222.tif
lewis_e_m_025_022a,mcai250223.tif|mcai250224.tif
lewis_e_m_025_022b,mcai250225.tif|mcai250226.tif
lewis_e_m_025_023,mcai250231.tif|mcai250232.tif
lewis_e_m_025_024,mcai250241.tif|mcai250242.tif
lewis_e_m_025_025,mcai250251.tif|mcai250252.tif
lewis_e_m_025_026,mcai250261.tif|mcai250262.tif
lewis_e_m_025_026a,mcai250263.tif|mcai250264.tif
lewis_e_m_025_026b,mcai250265.tif|mcai250266.tif
lewis_e_m_025_027,mcai250271.tif|mcai250272.tif
lewis_e_m_025_028,mcai250281.tif|mcai250282.tif
lewis_e_m_025_029,mcai250291.tif|mcai250292.tif
lewis_e_m_025_030,mcai250301.tif|mcai250302.tif
lewis_e_m_025_031,mcai250311.tif|mcai250312.tif
lewis_e_m_025_032,mcai250321.tif|mcai250322.tif
lewis_e_m_025_033,mcai250331.tif|mcai250332.tif
lewis_e_m_026_001,mcai260011.tif|mcai260012.tif
lewis_e_m_026_002,mcai260021.tif|mcai260022.tif
lewis_e_m_026_003,mcai260031.tif|mcai260032.tif
lewis_e_m_026_004-005,mcai260041.tif|mcai260051.tif|mcai260052.tif
lewis_e_m_026_007,mcai260071.tif|mcai260072.tif
lewis_e_m_026_008-009,mcai260081.tif|mcai260082.tif|mcai260091.tif|mcai260092.tif
lewis_e_m_026_010,mcai260101.tif|mcai260102.tif
lewis_e_m_026_011,mcai260111.tif|mcai260112.tif
lewis_e_m_026_012,mcai260121.tif|mcai260122.tif
lewis_e_m_026_013,mcai260131.tif|mcai260132.tif
lewis_e_m_026_014,mcai260141.tif|mcai260142.tif
lewis_e_m_026_015,mcai260151.tif|mcai260152.tif
lewis_e_m_026_016,mcai260161.tif|mcai260162.tif
lewis_e_m_026_017-018,mcai260171.tif|mcai260172.tif|mcai260181.tif|mcai260182.tif
lewis_e_m_026_019,mcai260191.tif|mcai260192.tif
lewis_e_m_026_020-029,mcai260201.tif|mcai260202.tif|mcai260211.tif|mcai260212.tif|mcai260221.tif|mcai260222.tif|mcai260231.tif|mcai260232.tif|mcai260241.tif|mcai260242.tif|mcai260251.tif|mcai260252.tif|mcai260261.tif|mcai260262.tif|mcai260271.tif|mcai260272.tif|mcai260281.tif|mcai260282.tif|mcai260291.tif|mcai260292.tif
lewis_e_m_026_030,mcai260301.tif|mcai260302.tif
lewis_e_m_026_031,mcai260311.tif|mcai260312.tif
lewis_e_m_026_032-033,mcai260321.tif|mcai260322.tif|mcai260331.tif|mcai260332.tif
lewis_e_m_027_001,mcai270011.tif|mcai270012.tif
lewis_e_m_027_002,mcai270021.tif|mcai270022.tif
lewis_e_m_027_003,mcai270031.tif|mcai270032.tif
lewis_e_m_027_004,mcai270041.tif|mcai270042.tif
lewis_e_m_027_005,mcai270051.tif|mcai270052.tif
lewis_e_m_027_006,mcai270061.tif|mcai270062.tif
lewis_e_m_027_007,mcai270071.tif|mcai270072.tif
lewis_e_m_027_008,mcai270081.tif|mcai270082.tif
lewis_e_m_027_009-010,mcai270091.tif|mcai270092.tif|mcai270101.tif|mcai270102.tif
lewis_e_m_027_011,mcai270111.tif|mcai270112.tif
lewis_e_m_027_012,mcai270121.tif|mcai270122.tif
lewis_e_m_027_013,mcai270131.tif|mcai270132.tif
lewis_e_m_027_014,mcai270141.tif|mcai270142.tif
lewis_e_m_027_015,mcai270151.tif|mcai270152.tif
lewis_e_m_027_016,mcai270161.tif|mcai270162.tif
lewis_e_m_027_017,mcai270171.tif
lewis_e_m_027_018,mcai270181.tif
lewis_e_m_027_019,mcai270191.tif|mcai270192.tif
lewis_e_m_027_020,mcai270201.tif|mcai270202.tif
lewis_e_m_027_021,mcai270211.tif|mcai270212.tif
lewis_e_m_027_022-023,mcai270221.tif|mcai270222.tif|mcai270231.tif|mcai270232.tif
lewis_e_m_027_024,mcai270241.tif
lewis_e_m_027_025,mcai270251.tif
lewis_e_m_027_026,mcai270261.tif|mcai270262.tif
lewis_e_m_027_027-029,mcai270271.tif|mcai270272.tif|mcai270281.tif|mcai270282.tif|mcai270291.tif|mcai270292.tif
lewis_e_m_028_001,mcai280011.tif|mcai280012.tif
lewis_e_m_028_002,mcai280021.tif|mcai280022.tif
lewis_e_m_028_003-005,mcai280031.tif|mcai280032.tif|mcai280041.tif|mcai280042.tif|mcai280051.tif|mcai280052.tif
lewis_e_m_028_006,mcai280061.tif|mcai280062.tif
lewis_e_m_028_007,mcai280071.tif|mcai280072.tif
lewis_e_m_028_008,mcai280081.tif|mcai280082.tif
lewis_e_m_028_009,mcai280091.tif|mcai280092.tif
lewis_e_m_028_010,mcai280101.tif|mcai280102.tif
lewis_e_m_028_011,mcai280111.tif|mcai280112.tif
lewis_e_m_028_012,mcai280121.tif|mcai280122.tif
lewis_e_m_028_013,mcai280131.tif|mcai280132.tif
lewis_e_m_028_014,mcai280141.tif|mcai280142.tif
lewis_e_m_028_015,mcai280151.tif|mcai280152.tif
lewis_e_m_028_016,mcai280161.tif|mcai280162.tif
lewis_e_m_028_017,mcai280171.tif|mcai280172.tif
lewis_e_m_028_018,mcai280181.tif|mcai280182.tif
lewis_e_m_028_019,mcai280191.tif|mcai280192.tif
lewis_e_m_028_020,mcai280201.tif|mcai280202.tif
lewis_e_m_028_021-023,mcai280213.tif|mcai280214.tif|mcai280215.tif|mcai280216.tif|mcai280221.tif|mcai280222.tif|mcai280231.tif|mcai280232.tif
lewis_e_m_028_024,mcai280241.tif|mcai280242.tif
lewis_e_m_028_025,mcai280251.tif|mcai280252.tif
lewis_e_m_028_026-027,mcai280261.tif|mcai280262.tif|mcai280271.tif|mcai280272.tif
lewis_e_m_028_028,mcai280281.tif|mcai280282.tif
lewis_e_m_029_001,mcai290011.tif|mcai290012.tif
lewis_e_m_029_002,mcai290021.tif|mcai290022.tif
lewis_e_m_029_003,mcai290031.tif|mcai290032.tif
lewis_e_m_029_004,mcai290041.tif|mcai290042.tif
lewis_e_m_029_005,mcai290051.tif|mcai290052.tif
lewis_e_m_029_006,mcai290061.tif|mcai290062.tif
lewis_e_m_029_007,mcai290071.tif|mcai290072.tif
lewis_e_m_029_008,mcai290081.tif|mcai290082.tif
lewis_e_m_029_008a,mcai290083.tif|mcai290084.tif
lewis_e_m_029_009,mcai290091.tif|mcai290092.tif
lewis_e_m_029_009a,mcai290093.tif|mcai290094.tif
lewis_e_m_029_010,mcai290101.tif|mcai290102.tif
lewis_e_m_029_011,mcai290111.tif|mcai290112.tif
lewis_e_m_029_011a,mcai290113.tif|mcai290114.tif
lewis_e_m_029_012a-b,mcai290123.tif|mcai290124.tif|mcai290125.tif
lewis_e_m_029_013-015,mcai290131.tif|mcai290132.tif|mcai290141.tif|mcai290142.tif|mcai290151.tif|mcai290152.tif
lewis_e_m_029_016,mcai290161.tif|mcai290162.tif
lewis_e_m_029_017,mcai290171.tif|mcai290172.tif
lewis_e_m_029_018,mcai290181.tif|mcai290182.tif
lewis_e_m_029_019,mcai290191.tif|mcai290192.tif
lewis_e_m_030_001-002,mcai300011.tif|mcai300012.tif|mcai300021.tif|mcai300022.tif
lewis_e_m_030_003,mcai300031.tif|mcai300032.tif
lewis_e_m_030_004-006,mcai300041.tif|mcai300042.tif|mcai300051.tif|mcai300052.tif|mcai300061.tif|mcai300062.tif
lewis_e_m_030_007,mcai300071.tif|mcai300072.tif
lewis_e_m_030_008,mcai300081.tif|mcai300082.tif
lewis_e_m_030_009,mcai300091.tif|mcai300092.tif
lewis_e_m_030_010-014,mcai300101.tif|mcai300102.tif|mcai300111.tif|mcai300112.tif|mcai300121.tif|mcai300122.tif|mcai300131.tif|mcai300132.tif|mcai300141.tif|mcai300142.tif
lewis_e_m_030_015,mcai300151.tif|mcai300152.tif
lewis_e_m_031_001,mcai310011.tif|mcai310012.tif
lewis_e_m_031_002,mcai310021.tif|mcai310022.tif
lewis_e_m_031_003-004,mcai310031.tif|mcai310032.tif|mcai310041.tif|mcai310042.tif
lewis_e_m_031_005,mcai310051.tif|mcai310052.tif
lewis_e_m_031_006,mcai310061.tif|mcai310062.tif
lewis_e_m_031_007,mcai310071.tif|mcai310072.tif
lewis_e_m_031_008,mcai310081.tif|mcai310082.tif
lewis_e_m_031_009,mcai310091.tif|mcai310092.tif
lewis_e_m_031_010,mcai310101.tif|mcai310102.tif
lewis_e_m_031_011,mcai310111.tif|mcai310112.tif
lewis_e_m_031_012,mcai310121.tif|mcai310122.tif
lewis_e_m_031_013-014,mcai310131.tif|mcai310132.tif|mcai310141.tif|mcai310142.tif
lewis_e_m_031_015,mcai310151.tif|mcai310152.tif
lewis_e_m_031_016-017,mcai310163.tif|mcai310164.tif|mcai310165.tif|mcai310166.tif|mcai310167.tif|mcai310168.tif|mcai310170.tif|mcai310173.tif|mcai310174.tif|mcai310175.tif|mcai310176.tif|mcai310177.tif|mcai310178.tif|mcai310179.tif
lewis_e_m_031_018a,mcai310181.tif|mcai310182.tif
lewis_e_m_031_018b,mcai310183.tif|mcai310184.tif
lewis_e_m_031_019-027,mcai310191.tif|mcai310192.tif|mcai310201.tif|mcai310202.tif|mcai310211.tif|mcai310212.tif|mcai310221.tif|mcai310222.tif|mcai310231.tif|mcai310232.tif|mcai310241.tif|mcai310242.tif|mcai310251.tif|mcai310252.tif|mcai310261.tif|mcai310262.tif|mcai310271.tif|mcai310272.tif
lewis_e_m_031_028,mcai310281.tif|mcai310282.tif
lewis_e_m_031_029,mcai310291.tif|mcai310292.tif
lewis_e_m_031_034,mcai310341.tif|mcai310342.tif
lewis_e_m_031_035,mcai310351.tif|mcai310352.tif
lewis_e_m_031_036,mcai310361.tif|mcai310362.tif
lewis_e_m_031_037,mcai310371.tif|mcai310372.tif
lewis_e_m_032_001,mcai320011.tif|mcai320012.tif
lewis_e_m_032_002,mcai320021.tif|mcai320022.tif
lewis_e_m_032_003,mcai320031.tif|mcai320032.tif
lewis_e_m_032_004,mcai320041.tif|mcai320042.tif
lewis_e_m_032_005,mcai320051.tif|mcai320052.tif
lewis_e_m_032_006,mcai320061.tif|mcai320062.tif
lewis_e_m_032_007,mcai320071.tif|mcai320072.tif
lewis_e_m_032_008,mcai320081.tif|mcai320082.tif
lewis_e_m_032_009,mcai320091.tif|mcai320092.tif
lewis_e_m_032_010,mcai320101.tif|mcai320102.tif
lewis_e_m_032_011,mcai320111.tif|mcai320112.tif
lewis_e_m_032_012,mcai320121.tif|mcai320122.tif
lewis_e_m_032_013,mcai320131.tif|mcai320132.tif
lewis_e_m_032_014,mcai320143.tif|mcai320144.tif|mcai320145.tif|mcai320146.tif
lewis_e_m_032_015,mcai320151.tif|mcai320152.tif
lewis_e_m_032_016,mcai320161.tif|mcai320162.tif
lewis_e_m_032_017,mcai320171.tif|mcai320172.tif
lewis_e_m_032_018,mcai320181.tif|mcai320182.tif
lewis_e_m_032_019,mcai320191.tif|mcai320192.tif
lewis_e_m_032_020,mcai320201.tif
lewis_e_m_032_021,mcai320211.tif|mcai320212.tif
lewis_e_m_032_022,mcai320221.tif|mcai320222.tif
lewis_e_m_032_023,mcai320231.tif|mcai320232.tif
lewis_e_m_032_024,mcai320241.tif|mcai320242.tif
lewis_e_m_032_025,mcai320251.tif|mcai320252.tif
lewis_e_m_032_026,mcai320261.tif|mcai320262.tif
lewis_e_m_032_027,mcai320271.tif|mcai320272.tif
lewis_e_m_032_028,mcai320281.tif|mcai320282.tif
lewis_e_m_032_029,mcai320291.tif|mcai320292.tif
lewis_e_m_032_030,mcai320301.tif|mcai320302.tif
lewis_e_m_033_001,mcai330011.tif|mcai330012.tif
lewis_e_m_033_002,mcai330021.tif|mcai330022.tif
lewis_e_m_033_003,mcai330031.tif|mcai330032.tif
lewis_e_m_033_004,mcai330041.tif
lewis_e_m_033_005,mcai330051.tif
lewis_e_m_033_006,mcai330061.tif|mcai330062.tif
lewis_e_m_033_007,mcai330071.tif|mcai330072.tif
lewis_e_m_033_008,mcai330081.tif|mcai330082.tif
lewis_e_m_033_009,mcai330091.tif|mcai330092.tif
lewis_e_m_033_010,mcai330101.tif|mcai330102.tif
lewis_e_m_033_011,mcai330111.tif
lewis_e_m_033_012,mcai330121.tif|mcai330122.tif
lewis_e_m_033_013,mcai330131.tif|mcai330132.tif
lewis_e_m_033_014,mcai330141.tif|mcai330142.tif
lewis_e_m_033_015,mcai330151.tif|mcai330152.tif
lewis_e_m_033_016,mcai330161.tif|mcai330162.tif
lewis_e_m_033_017,mcai330171.tif
lewis_e_m_033_018,mcai330181.tif|mcai330182.tif
lewis_e_m_033_019,mcai330191.tif|mcai330192.tif
lewis_e_m_033_020,mcai330201.tif|mcai330202.tif
lewis_e_m_033_021,mcai330211.tif|mcai330212.tif
lewis_e_m_033_022,mcai330221.tif|mcai330222.tif
lewis_e_m_033_023,mcai330231.tif|mcai330232.tif
lewis_e_m_033_024,mcai330241.tif|mcai330242.tif
lewis_e_m_033_025,mcai330251.tif|mcai330252.tif
lewis_e_m_033_026,mcai330261.tif|mcai330262.tif
lewis_e_m_033_027,mcai330271.tif|mcai330272.tif
lewis_e_m_042_001,mcai420011.tif|mcai420012.tif
lewis_e_m_042_002,mcai420021.tif
lewis_e_m_042_003,mcai420031.tif|mcai420032.tif
lewis_e_m_042_004-009,mcai420041.tif|mcai420042.tif|mcai420051.tif|mcai420052.tif|mcai420061.tif|mcai420062.tif|mcai420071.tif|mcai420072.tif|mcai420081.tif|mcai420082.tif|mcai420091.tif|mcai420092.tif
lewis_e_m_042_010,mcai420101.tif|mcai420102.tif
lewis_e_m_042_010a,mcai420103.tif|mcai420104.tif
lewis_e_m_042_011,mcai420111.tif
lewis_e_m_042_011a,mcai420113.tif|mcai420114.tif
lewis_e_m_042_012-013,mcai420121.tif|mcai420122.tif|mcai420131.tif|mcai420132.tif
lewis_e_m_042_014,mcai420141.tif|mcai420142.tif
lewis_e_m_042_015,mcai420151.tif|mcai420152.tif
lewis_e_m_042_016-016a,mcai420161.tif|mcai420162.tif|mcai420163.tif|mcai420164.tif
lewis_e_m_042_016b,mcai420165.tif|mcai420166.tif
lewis_e_m_042_017,mcai420171.tif|mcai420172.tif
lewis_e_m_042_018-019,mcai420181.tif|mcai420182.tif|mcai420191.tif|mcai420192.tif
lewis_e_m_042_019a,mcai420193.tif|mcai420194.tif
lewis_e_m_042_020,mcai420201.tif|mcai420202.tif
lewis_e_m_042_020a,mcai420203.tif|mcai420204.tif
lewis_e_m_042_021,mcai420211.tif|mcai420212.tif
lewis_e_m_042_022,mcai420221.tif|mcai420222.tif
lewis_e_m_042_023,mcai420231.tif|mcai420233.tif|mcai420234.tif
lewis_e_m_042_024-025,mcai420241.tif|mcai420242.tif|mcai420251.tif|mcai420252.tif
lewis_e_m_042_026,mcai420261.tif|mcai420262.tif
lewis_e_m_042_027a-b,mcai420273.tif|mcai420274.tif|mcai420275.tif|mcai420276.tif
lewis_e_m_042_028a-d,mcai420280.tif|mcai420283.tif|mcai420284.tif|mcai420285.tif|mcai420286.tif|mcai420287.tif|mcai420288.tif|mcai420289.tif
lewis_e_m_042_028a,mcai420281.tif|mcai420282.tif
lewis_e_m_042_029,mcai420291.tif|mcai420292.tif
lewis_e_m_043_002a,mcai430021.tif|mcai430023.tif|mcai430024.tif
lewis_e_m_043_002b,mcai430025.tif|mcai430026.tif
lewis_e_m_043_002c,mcai430027.tif|mcai430028.tif
lewis_e_m_043_003,mcai430030.tif|mcai430031.tif|mcai430032.tif
lewis_e_m_043_004,mcai430040.tif|mcai430041.tif|mcai430042.tif
lewis_e_m_043_005,mcai430050.tif|mcai430051.tif|mcai430052.tif
lewis_e_m_043_006,mcai430060.tif|mcai430061.tif|mcai430062.tif
lewis_e_m_043_007,mcai430071.tif|mcai430072.tif
lewis_e_m_043_007a,mcai430073.tif|mcai430074.tif
lewis_e_m_043_008,mcai430081.tif|mcai430082.tif
lewis_e_m_043_009,mcai430091.tif|mcai430092.tif
lewis_e_m_043_009a,mcai430093.tif
lewis_e_m_043_009b,mcai430095.tif|mcai430096.tif
lewis_e_m_043_010,mcai430101.tif|mcai430102.tif
lewis_e_m_043_011,mcai430111.tif|mcai430112.tif
lewis_e_m_043_012,mcai430121.tif|mcai430122.tif
lewis_e_m_043_013,mcai430131.tif|mcai430132.tif
lewis_e_m_043_014,mcai430141.tif|mcai430142.tif
lewis_e_m_043_015,mcai430151.tif|mcai430152.tif
lewis_e_m_043_016,mcai430161.tif|mcai430162.tif
lewis_e_m_043_017,mcai430171.tif|mcai430172.tif
lewis_e_m_043_018,mcai430181.tif|mcai430182.tif
lewis_e_m_043_019,mcai430191.tif|mcai430192.tif
lewis_e_m_043_001a,mcai4301a1.tif|mcai4301a2.tif
lewis_e_m_043_001b,mcai4301b1.tif|mcai4301b2.tif
lewis_e_m_043_001c-e,mcai4301c1.tif|mcai4301c2.tif|mcai4301d1.tif|mcai4301d2.tif|mcai4301e1.tif|mcai4301e2.tif
lewis_e_m_043_001f,mcai4301f1.tif|mcai4301f2.tif
lewis_e_m_043_001g,mcai4301g1.tif|mcai4301g2.tif
lewis_e_m_043_020,mcai430201.tif|mcai430202.tif
lewis_e_m_043_021,mcai430211.tif|mcai430212.tif
lewis_e_m_043_022a,mcai430223.tif|mcai430224.tif
lewis_e_m_043_022b,mcai430225.tif|mcai430226.tif
lewis_e_m_043_022c,mcai430227.tif|mcai430228.tif
lewis_e_m_043_023a,mcai430233.tif|mcai430234.tif
lewis_e_m_043_023b,mcai430235.tif|mcai430236.tif
lewis_e_m_043_023c,mcai430237.tif|mcai430238.tif
lewis_e_m_043_024,mcai430241.tif|mcai430242.tif
lewis_e_m_043_025,mcai430251.tif|mcai430252.tif
lewis_e_m_044_001,mcai440011.tif|mcai440012.tif
lewis_e_m_044_002,mcai440021.tif|mcai440022.tif
lewis_e_m_044_002a-003c,mcai440023.tif|mcai440024.tif|mcai440033.tif|mcai440034.tif|mcai440035.tif|mcai440036.tif|mcai440037.tif|mcai440038.tif
lewis_e_m_044_004-005,mcai440041.tif|mcai440042.tif|mcai440051.tif|mcai440052.tif
lewis_e_m_044_006,mcai440061.tif|mcai440062.tif
lewis_e_m_044_006a-b,mcai440063.tif|mcai440064.tif|mcai440065.tif|mcai440066.tif
lewis_e_m_044_007,mcai440071.tif|mcai440072.tif
lewis_e_m_044_008,mcai440081.tif|mcai440082.tif
lewis_e_m_044_008a,mcai440083.tif|mcai440084.tif
lewis_e_m_044_009,mcai440091.tif|mcai440092.tif
lewis_e_m_044_009a,mcai440093.tif|mcai440094.tif
lewis_e_m_044_010,mcai440101.tif|mcai440102.tif
lewis_e_m_044_011,mcai440110.tif|mcai440111.tif|mcai440112.tif
lewis_e_m_044_012,mcai440121.tif|mcai440122.tif
lewis_e_m_044_013,mcai440131.tif|mcai440132.tif
lewis_e_m_044_014,mcai440141.tif|mcai440142.tif
lewis_e_m_044_015,mcai440151.tif|mcai440152.tif
lewis_e_m_044_016,mcai440161.tif
lewis_e_m_044_017,mcai440171.tif|mcai440172.tif
lewis_e_m_044_018,mcai440181.tif|mcai440182.tif
lewis_e_m_044_019,mcai440191.tif|mcai440192.tif
lewis_e_m_044_020-022,mcai440201.tif|mcai440211.tif|mcai440221.tif
lewis_e_m_044_023,mcai440231.tif|mcai440232.tif
lewis_e_m_044_024,mcai440241.tif|mcai440242.tif
lewis_e_m_044_024a,mcai440243.tif|mcai440244.tif
lewis_e_m_044_025,mcai440251.tif|mcai440252.tif
lewis_e_m_044_026,mcai440261.tif|mcai440262.tif
lewis_e_m_044_027-028,mcai440271.tif|mcai440272.tif|mcai440281.tif|mcai440282.tif
lewis_e_m_045_001,mcai450010.tif|mcai450011.tif|mcai450012.tif
lewis_e_m_045_002,mcai450021.tif|mcai450022.tif
lewis_e_m_045_003,mcai450031.tif|mcai450032.tif
lewis_e_m_045_004,mcai450041.tif|mcai450042.tif
lewis_e_m_045_005,mcai450051.tif|mcai450052.tif
lewis_e_m_045_006-010,mcai450061.tif|mcai450062.tif|mcai450071.tif|mcai450072.tif|mcai450081.tif|mcai450082.tif|mcai450091.tif|mcai450092.tif|mcai450101.tif|mcai450102.tif
lewis_e_m_045_011,mcai450111.tif|mcai450112.tif
lewis_e_m_045_012,mcai450121.tif|mcai450122.tif
lewis_e_m_045_013,mcai450131.tif|mcai450132.tif
lewis_e_m_045_014,mcai450141.tif|mcai450142.tif
lewis_e_m_045_015-025,mcai450151.tif|mcai450152.tif|mcai450161.tif|mcai450162.tif|mcai450171.tif|mcai450172.tif|mcai450181.tif|mcai450182.tif|mcai450191.tif|mcai450192.tif|mcai450201.tif|mcai450202.tif|mcai450211.tif|mcai450212.tif|mcai450221.tif|mcai450222.tif|mcai450231.tif|mcai450232.tif|mcai450241.tif|mcai450242.tif|mcai450251.tif|mcai450252.tif
lewis_e_m_045_025,mcai450253.tif|mcai450254.tif
lewis_e_m_045_026,mcai450263.tif|mcai450264.tif|mcai450265.tif|mcai450266.tif
lewis_e_m_045_027,mcai450271.tif|mcai450272.tif
lewis_e_m_045_028,mcai450281.tif|mcai450282.tif
lewis_e_m_046_001a,mcai460013.tif|mcai460014.tif
lewis_e_m_046_001b,mcai460015.tif|mcai460016.tif
lewis_e_m_046_001c,mcai460017.tif|mcai460018.tif
lewis_e_m_046_002,mcai460021.tif|mcai460022.tif
lewis_e_m_046_003a-c,mcai460033.tif|mcai460034.tif|mcai460035.tif|mcai460036.tif|mcai460037.tif|mcai460038.tif
lewis_e_m_046_004,mcai460041.tif|mcai460042.tif
lewis_e_m_046_005a-b,mcai460053.tif|mcai460054.tif|mcai460055.tif|mcai460056.tif
lewis_e_m_046_006,mcai460061.tif|mcai460062.tif
lewis_e_m_046_007,mcai460071.tif|mcai460072.tif
lewis_e_m_046_008,mcai460081.tif|mcai460082.tif
lewis_e_m_046_009,mcai460091.tif|mcai460092.tif
lewis_e_m_046_010,mcai460101.tif|mcai460102.tif
lewis_e_m_046_011,mcai460111.tif|mcai460112.tif
lewis_e_m_046_012,mcai460121.tif|mcai460122.tif
lewis_e_m_046_013,mcai460131.tif
lewis_e_m_046_014,mcai460141.tif|mcai460142.tif
lewis_e_m_046_015,mcai460151.tif|mcai460152.tif
lewis_e_m_046_016,mcai460161.tif|mcai460162.tif
lewis_e_m_046_017,mcai460171.tif|mcai460172.tif
lewis_e_m_046_018,mcai460181.tif|mcai460182.tif
lewis_e_m_046_019,mcai460191.tif|mcai460192.tif
lewis_e_m_047_001,mcai470011.tif|mcai470012.tif
lewis_e_m_047_002,mcai470021.tif|mcai470022.tif
lewis_e_m_047_003,mcai470031.tif|mcai470032.tif
lewis_e_m_047_003a,mcai470033.tif|mcai470034.tif
lewis_e_m_047_004,mcai470041.tif|mcai470042.tif
lewis_e_m_047_005,mcai470051.tif|mcai470052.tif
lewis_e_m_047_006,mcai470061.tif|mcai470062.tif
lewis_e_m_047_007,mcai470071.tif
lewis_e_m_047_008,mcai470081.tif
lewis_e_m_047_009,mcai470091.tif
lewis_e_m_047_010,mcai470101.tif
lewis_e_m_047_011,mcai470111.tif|mcai470112.tif
lewis_e_m_047_011a,mcai470113.tif|mcai470114.tif
lewis_e_m_047_012-015,mcai470121.tif|mcai470122.tif|mcai470131.tif|mcai470132.tif|mcai470141.tif|mcai470142.tif|mcai470151.tif|mcai470152.tif
lewis_e_m_047_015,mcai470153.tif
lewis_e_m_047_016,mcai470161.tif
lewis_e_m_047_017,mcai470171.tif|mcai470172.tif
lewis_e_m_047_018-020,mcai470181.tif|mcai470182.tif|mcai470191.tif|mcai470192.tif|mcai470201.tif|mcai470202.tif
lewis_e_m_047_021-022,mcai470211.tif|mcai470212.tif|mcai470221.tif|mcai470222.tif
lewis_e_m_048_001,mcai480011.tif|mcai480012.tif
lewis_e_m_048_002,mcai480021.tif|mcai480022.tif
lewis_e_m_048_003,mcai480031.tif|mcai480032.tif
lewis_e_m_048_003a,mcai480033.tif
lewis_e_m_048_004,mcai480041.tif|mcai480042.tif
lewis_e_m_048_005,mcai480051.tif|mcai480052.tif
lewis_e_m_048_006,mcai480061.tif|mcai480062.tif
lewis_e_m_048_007,mcai480071.tif|mcai480072.tif
lewis_e_m_048_008,mcai480081.tif|mcai480082.tif
lewis_e_m_048_009,mcai480091.tif|mcai480092.tif
lewis_e_m_048_010a-e,mcai480101.tif|mcai480102.tif|mcai48101a.tif|mcai48101b.tif|mcai48101c.tif|mcai48101d.tif|mcai48101e.tif|mcai48102a.tif|mcai48102b.tif|mcai48102c.tif|mcai48102d.tif|mcai48102e.tif
lewis_e_m_048_011,mcai480111.tif|mcai480112.tif
lewis_e_m_048_012-013,mcai480121.tif|mcai480122.tif|mcai480131.tif|mcai480132.tif
lewis_e_m_048_014,mcai480141.tif|mcai480142.tif
lewis_e_m_048_015,mcai480151.tif|mcai480152.tif
lewis_e_m_048_016,mcai480161.tif|mcai480162.tif
lewis_e_m_048_017,mcai480171.tif|mcai480172.tif
lewis_e_m_048_018-020,mcai480181.tif|mcai480182.tif|mcai480191.tif|mcai480192.tif|mcai480201.tif|mcai480202.tif
lewis_e_m_048_021,mcai480211.tif|mcai480212.tif
lewis_e_m_048_022-023,mcai480221.tif|mcai480222.tif|mcai480231.tif|mcai480232.tif
lewis_e_m_048_024,mcai480241.tif|mcai480242.tif
lewis_e_m_048_025-026,mcai480251.tif|mcai480252.tif|mcai480261.tif|mcai480262.tif
lewis_e_m_049_001,mcai490011.tif|mcai490012.tif
lewis_e_m_049_002,mcai490021.tif|mcai490022.tif
lewis_e_m_049_003,mcai490031.tif|mcai490032.tif
lewis_e_m_049_004,mcai490041.tif|mcai490042.tif
lewis_e_m_049_005,mcai490051.tif|mcai490052.tif
lewis_e_m_049_007,mcai490071.tif|mcai490072.tif
lewis_e_m_049_008,mcai490080.tif|mcai490081.tif|mcai490082.tif
lewis_e_m_049_009,mcai490091.tif|mcai490092.tif
lewis_e_m_049_010,mcai490101.tif|mcai490102.tif
lewis_e_m_049_011,mcai490111.tif|mcai490112.tif
lewis_e_m_049_012,mcai490121.tif|mcai490122.tif
lewis_e_m_050_001,mcai500011.tif|mcai500012.tif
lewis_e_m_050_002,mcai500021.tif|mcai500022.tif
lewis_e_m_050_003,mcai500031.tif|mcai500032.tif
lewis_e_m_050_004,mcai500041.tif|mcai500042.tif
lewis_e_m_050_005,mcai500051.tif|mcai500052.tif
lewis_e_m_050_006,mcai500061.tif|mcai500062.tif
lewis_e_m_050_007,mcai500071.tif|mcai500072.tif
lewis_e_m_063_001-031,mcai630011.tif|mcai630012.tif|mcai630021.tif|mcai630022.tif|mcai630031.tif|mcai630032.tif|mcai630041.tif|mcai630042.tif|mcai630051.tif|mcai630052.tif|mcai630061.tif|mcai630062.tif|mcai630071.tif|mcai630072.tif|mcai630081.tif|mcai630082.tif|mcai630091.tif|mcai630092.tif|mcai630101.tif|mcai630102.tif|mcai630111.tif|mcai630112.tif|mcai630121.tif|mcai630122.tif|mcai630131.tif|mcai630132.tif|mcai630141.tif|mcai630142.tif|mcai630151.tif|mcai630152.tif|mcai630161.tif|mcai630162.tif|mcai630171.tif|mcai630172.tif|mcai630181.tif|mcai630182.tif|mcai630191.tif|mcai630192.tif|mcai630201.tif|mcai630202.tif|mcai630211.tif|mcai630212.tif|mcai630221.tif|mcai630222.tif|mcai630231.tif|mcai630232.tif|mcai630241.tif|mcai630242.tif|mcai630251.tif|mcai630252.tif|mcai630261.tif|mcai630262.tif|mcai630271.tif|mcai630272.tif|mcai630281.tif|mcai630282.tif|mcai630291.tif|mcai630292.tif|mcai630301.tif|mcai630302.tif|mcai630311.tif|mcai630312.tif
lewis_e_m_064_001,mcai640011.tif|mcai640012.tif
lewis_e_m_064_002,mcai640021.tif|mcai640022.tif
lewis_e_m_064_003,mcai640031.tif|mcai640032.tif
lewis_e_m_064_004,mcai640041.tif|mcai640042.tif
lewis_e_m_064_005,mcai640051.tif|mcai640052.tif
lewis_e_m_064_006,mcai640061.tif|mcai640062.tif
lewis_e_m_064_007,mcai640071.tif|mcai640072.tif
lewis_e_m_064_008,mcai640081.tif|mcai640082.tif
lewis_e_m_064_009,mcai640091.tif|mcai640092.tif
lewis_e_m_064_010,mcai640101.tif|mcai640102.tif
lewis_e_m_064_011,mcai640111.tif|mcai640112.tif|mcai640113.tif|mcai640114.tif
lewis_e_m_064_012,mcai640121.tif|mcai640122.tif
lewis_e_m_064_013,mcai640131.tif|mcai640132.tif
lewis_e_m_064_014,mcai640141.tif|mcai640142.tif|mcai640143.tif|mcai640144.tif
lewis_e_m_064_015,mcai640151.tif|mcai640152.tif
lewis_e_m_064_016,mcai640161.tif|mcai640162.tif
lewis_e_m_064_017,mcai640171.tif|mcai640172.tif
lewis_e_m_064_018,mcai640181.tif|mcai640182.tif
lewis_e_m_064_019,mcai640191.tif|mcai640192.tif|mcai640193.tif|mcai640194.tif
lewis_e_m_064_020,mcai640201.tif|mcai640202.tif|mcai640203.tif|mcai640204.tif
lewis_e_m_064_021,mcai640211.tif|mcai640212.tif|mcai640213.tif|mcai640214.tif
lewis_e_m_064_022,mcai640221.tif|mcai640222.tif|mcai640223.tif|mcai640224.tif
lewis_e_m_064_023,mcai640231.tif|mcai640232.tif|mcai640233.tif|mcai640234.tif
lewis_e_m_064_024,mcai640241.tif|mcai640242.tif|mcai640243.tif|mcai640244.tif
lewis_e_m_064_025,mcai640251.tif|mcai640252.tif|mcai640253.tif|mcai640254.tif
lewis_e_m_064_026,mcai640261.tif|mcai640262.tif|mcai640263.tif|mcai640264.tif
lewis_e_m_064_027,mcai640271.tif|mcai640272.tif|mcai640273.tif|mcai640274.tif
lewis_e_m_064_028,mcai640281.tif|mcai640282.tif
lewis_e_m_065_001,mcai650011.tif|mcai650012.tif
lewis_e_m_065_002,mcai650021.tif|mcai650022.tif
lewis_e_m_065_003,mcai650031.tif|mcai650032.tif
lewis_e_m_065_004,mcai650041.tif|mcai650042.tif
lewis_e_m_065_005,mcai650051.tif|mcai650052.tif
lewis_e_m_065_006,mcai650061.tif|mcai650062.tif
lewis_e_m_065_007,mcai650071.tif|mcai650072.tif
lewis_e_m_065_008,mcai650081.tif|mcai650082.tif
lewis_e_m_065_009,mcai650091.tif|mcai650092.tif
lewis_e_m_065_010,mcai650101.tif|mcai650102.tif
lewis_e_m_065_011,mcai650111.tif|mcai650112.tif
lewis_e_m_065_012,mcai650121.tif|mcai650122.tif
lewis_e_m_065_013,mcai650131.tif|mcai650132.tif
lewis_e_m_065_014,mcai650141.tif|mcai650142.tif
lewis_e_m_065_015,mcai650151.tif|mcai650152.tif
lewis_e_m_065_016,mcai650161.tif|mcai650162.tif
lewis_e_m_065_017,mcai650171.tif|mcai650172.tif
lewis_e_m_065_018,mcai650181.tif|mcai650182.tif
lewis_e_m_065_019,mcai650191.tif|mcai650192.tif
lewis_e_m_065_020,mcai650201.tif|mcai650202.tif
lewis_e_m_065_021,mcai650211.tif|mcai650212.tif
lewis_e_m_065_022,mcai650221.tif|mcai650222.tif
lewis_e_m_065_023,mcai650231.tif|mcai650232.tif
lewis_e_m_065_024,mcai650241.tif|mcai650242.tif
lewis_e_m_065_025,mcai650251.tif|mcai650252.tif
lewis_e_m_065_026,mcai650261.tif|mcai650262.tif
lewis_e_m_065_027,mcai650271.tif|mcai650272.tif
lewis_e_m_065_028,mcai650281.tif|mcai650282.tif
lewis_e_m_065_029,mcai650291.tif|mcai650292.tif
lewis_e_m_065_030,mcai650301.tif|mcai650302.tif
lewis_e_m_065_031,mcai650311.tif|mcai650312.tif
lewis_e_m_065_032,mcai650321.tif|mcai650322.tif
lewis_e_m_065_033,mcai650331.tif|mcai650332.tif
lewis_e_m_065_034,mcai650341.tif|mcai650342.tif
lewis_e_m_065_035,mcai650351.tif|mcai650352.tif
lewis_e_m_065_036,mcai650361.tif|mcai650362.tif
lewis_e_m_065_037,mcai650371.tif|mcai650372.tif
lewis_e_m_065_038,mcai650381.tif|mcai650382.tif
lewis_e_m_065_039,mcai650391.tif|mcai650392.tif
lewis_e_m_065_040,mcai650401.tif|mcai650402.tif
lewis_e_m_065_041,mcai650411.tif|mcai650412.tif
lewis_e_m_065_042,mcai650421.tif|mcai650422.tif
lewis_e_m_065_043,mcai650431.tif|mcai650432.tif
lewis_e_m_065_044,mcai650441.tif|mcai650442.tif
lewis_e_m_065_045,mcai650451.tif|mcai650452.tif
lewis_e_m_065_046,mcai650461.tif|mcai650462.tif
lewis_e_m_065_047,mcai650471.tif|mcai650472.tif
lewis_e_m_065_048,mcai650481.tif|mcai650482.tif
lewis_e_m_065_049,mcai650491.tif|mcai650492.tif
lewis_e_m_065_050,mcai650501.tif|mcai650502.tif
lewis_e_m_065_051,mcai650511.tif|mcai650512.tif
lewis_e_m_065_052,mcai650521.tif|mcai650522.tif
lewis_e_m_065_053,mcai650531.tif|mcai650532.tif
lewis_e_m_065_054,mcai650541.tif|mcai650542.tif
lewis_e_m_065_055,mcai650551.tif|mcai650552.tif
lewis_e_m_065_056,mcai650561.tif|mcai650562.tif
lewis_e_m_065_057,mcai650571.tif|mcai650572.tif
lewis_e_m_065_058,mcai650581.tif|mcai650582.tif
lewis_e_m_065_059,mcai650591.tif|mcai650592.tif
lewis_e_m_065_060,mcai650601.tif|mcai650602.tif
lewis_e_m_065_061,mcai650611.tif|mcai650612.tif
lewis_e_m_065_062,mcai650621.tif|mcai650622.tif
lewis_e_m_065_063,mcai650631.tif|mcai650632.tif
lewis_e_m_065_064,mcai650641.tif|mcai650642.tif
lewis_e_m_065_065,mcai650651.tif|mcai650652.tif
lewis_e_m_065_066,mcai650661.tif|mcai650662.tif
lewis_e_m_065_067,mcai650671.tif|mcai650672.tif
lewis_e_m_065_068,mcai650681.tif|mcai650682.tif
lewis_e_m_065_069,mcai650691.tif|mcai650692.tif
lewis_e_m_065_070,mcai650701.tif|mcai650702.tif
lewis_e_m_065_071,mcai650711.tif|mcai650712.tif
lewis_e_m_065_072,mcai650721.tif|mcai650722.tif
lewis_e_m_065_073,mcai650731.tif|mcai650732.tif
lewis_e_m_065_074,mcai650741.tif|mcai650742.tif
lewis_e_m_065_075,mcai650751.tif|mcai650752.tif
lewis_e_m_065_076,mcai650761.tif|mcai650762.tif
lewis_e_m_065_077,mcai650771.tif|mcai650772.tif
lewis_e_m_065_078,mcai650781.tif|mcai650782.tif
lewis_e_m_066_001a-b,mcai660013.tif|mcai660014.tif|mcai660015.tif|mcai660016.tif
lewis_e_m_066_002-003h,mcai660021.tif|mcai660022.tif|mcai660031.tif|mcai660032.tif|mcai66021a.tif|mcai66021b.tif|mcai66021c.tif|mcai66021d.tif|mcai66021e.tif|mcai66021f.tif|mcai66021g.tif|mcai66021h.tif|mcai66021i.tif|mcai66021j.tif|mcai66022a.tif|mcai66022b.tif|mcai66022c.tif|mcai66022d.tif|mcai66022e.tif|mcai66022f.tif|mcai66022g.tif|mcai66022h.tif|mcai66022i.tif|mcai66022j.tif|mcai66031a.tif|mcai66031b.tif|mcai66031c.tif|mcai66031d.tif|mcai66031e.tif|mcai66031f.tif|mcai66031g.tif|mcai66031h.tif|mcai66032a.tif|mcai66032b.tif|mcai66032c.tif|mcai66032d.tif|mcai66032e.tif|mcai66032f.tif|mcai66032g.tif|mcai66032h.tif
lewis_e_m_066_004,mcai660041.tif|mcai660042.tif
lewis_e_m_066_005,mcai660051.tif|mcai660052.tif
lewis_e_m_066_006,mcai660061.tif|mcai660062.tif
lewis_e_m_066_007,mcai660071.tif
lewis_e_m_066_008,mcai660081.tif|mcai660082.tif
lewis_e_m_066_009,mcai660091.tif|mcai660092.tif
lewis_e_m_066_010,mcai660101.tif|mcai660102.tif
lewis_e_m_066_011,mcai660111.tif|mcai660112.tif
lewis_e_m_066_012,mcai660121.tif|mcai660122.tif
lewis_e_m_066_013-014,mcai660131.tif|mcai660132.tif|mcai660141.tif|mcai660142.tif
lewis_e_m_066_015-016,mcai660151.tif|mcai660152.tif|mcai660161.tif|mcai660162.tif
lewis_e_m_066_016a,mcai660163.tif|mcai660164.tif
lewis_e_m_066_017,mcai660171.tif|mcai660172.tif
lewis_e_m_066_018,mcai660181.tif|mcai660182.tif
lewis_e_m_066_019,mcai660191.tif|mcai660192.tif
lewis_e_m_066_020,mcai660201.tif|mcai660202.tif
lewis_e_m_066_021,mcai660211.tif
lewis_e_m_066_022,mcai660221.tif|mcai660222.tif
lewis_e_m_066_023,mcai660231.tif|mcai660232.tif
lewis_e_m_066_024-025,mcai660241.tif|mcai660242.tif|mcai660251.tif|mcai660252.tif
lewis_e_m_066_026,mcai660261.tif|mcai660262.tif
lewis_e_m_066_032,mcai66032da.tif
lewis_e_m_067_001,mcai670011.tif|mcai670012.tif
lewis_e_m_067_002,mcai670021.tif|mcai670022.tif
lewis_e_m_067_003,mcai670031.tif|mcai670032.tif
lewis_e_m_067_004,mcai670041.tif|mcai670042.tif
lewis_e_m_067_005,mcai670051.tif|mcai670052.tif
lewis_e_m_067_006,mcai670061.tif|mcai670062.tif
lewis_e_m_067_007,mcai670071.tif|mcai670072.tif
lewis_e_m_067_008,mcai670081.tif|mcai670082.tif
lewis_e_m_067_009,mcai670091.tif|mcai670092.tif
lewis_e_m_067_010,mcai670101.tif|mcai670102.tif
lewis_e_m_067_011,mcai670111.tif|mcai670112.tif
lewis_e_m_067_012,mcai670121.tif|mcai670122.tif
lewis_e_m_067_013-016,mcai670131.tif|mcai670132.tif|mcai670141.tif|mcai670142.tif|mcai670151.tif|mcai670152.tif|mcai670161.tif|mcai670162.tif
lewis_e_m_067_017,mcai670171.tif|mcai670173.tif|mcai670174.tif
lewis_e_m_067_018,mcai670181.tif|mcai670182.tif
lewis_e_m_067_019,mcai670191.tif|mcai670192.tif
lewis_e_m_067_020,mcai670201.tif|mcai670202.tif
lewis_e_m_067_021,mcai670211.tif|mcai670212.tif
lewis_e_m_067_022,mcai670221.tif|mcai670222.tif
lewis_e_m_067_023,mcai670231.tif|mcai670232.tif
lewis_e_m_067_024,mcai670241.tif|mcai670242.tif
lewis_e_m_067_025,mcai670251.tif|mcai670252.tif
lewis_e_m_067_026,mcai670261.tif|mcai670262.tif
lewis_e_m_067_027,mcai670271.tif|mcai670272.tif
lewis_e_m_068_001,mcai680011.tif|mcai680012.tif
lewis_e_m_068_002,mcai680021.tif|mcai680022.tif
lewis_e_m_068_003-006,mcai680031.tif|mcai680032.tif|mcai680041.tif|mcai680042.tif|mcai680051.tif|mcai680052.tif|mcai680061.tif|mcai680062.tif
lewis_e_m_068_007-009,mcai680073.tif|mcai680074.tif|mcai680075.tif|mcai680076.tif|mcai680077.tif|mcai680081.tif|mcai680082.tif|mcai680091.tif|mcai680092.tif
lewis_e_m_068_010-011,mcai680101.tif|mcai680102.tif|mcai680111.tif|mcai680112.tif
lewis_e_m_068_012,mcai680121.tif|mcai680122.tif
lewis_e_m_068_013,mcai680131.tif|mcai680132.tif
lewis_e_m_068_014,mcai680141.tif|mcai680142.tif
lewis_e_m_068_015,mcai680151.tif|mcai680152.tif
lewis_e_m_068_016,mcai680161.tif|mcai680162.tif
lewis_e_m_068_017-018,mcai680171.tif|mcai680172.tif|mcai680181.tif|mcai680182.tif
lewis_e_m_068_019,mcai680191.tif|mcai680192.tif
lewis_e_m_068_020,mcai680201.tif|mcai680202.tif
lewis_e_m_068_021,mcai680211.tif|mcai680212.tif
lewis_e_m_068_022,mcai680221.tif|mcai680222.tif
lewis_e_m_069_001,mcai690011.tif|mcai690012.tif
lewis_e_m_069_002-005,mcai690021.tif|mcai690022.tif|mcai690031.tif|mcai690032.tif|mcai690041.tif|mcai690042.tif|mcai690051.tif|mcai690052.tif
lewis_e_m_069_006-008,mcai690061.tif|mcai690062.tif|mcai690071.tif|mcai690072.tif|mcai690080.tif|mcai690081.tif|mcai690082.tif
lewis_e_m_069_009,mcai690091.tif|mcai690092.tif
lewis_e_m_069_010,mcai690101.tif|mcai690102.tif
lewis_e_m_069_011,mcai690111.tif|mcai690112.tif
lewis_e_m_069_012-013,mcai690121.tif|mcai690122.tif|mcai690123.tif|mcai690124.tif|mcai690131.tif|mcai690132.tif
lewis_e_m_069_014,mcai690141.tif|mcai690142.tif
lewis_e_m_069_015-017,mcai690151.tif|mcai690152.tif|mcai690161.tif|mcai690162.tif|mcai690171.tif|mcai690172.tif
lewis_e_m_069_018,mcai690181.tif|mcai690182.tif
lewis_e_m_069_019-020,mcai690191.tif|mcai690192.tif|mcai690201.tif|mcai690202.tif
lewis_e_m_069_021,mcai690211.tif|mcai690212.tif
lewis_e_m_069_022,mcai690221.tif|mcai690222.tif
lewis_e_m_070_001,mcai700011.tif|mcai700012.tif
lewis_e_m_070_002,mcai700021.tif|mcai700022.tif
lewis_e_m_070_003,mcai700031.tif|mcai700032.tif
lewis_e_m_070_004,mcai700041.tif|mcai700042.tif
lewis_e_m_070_005-008,mcai700051.tif|mcai700052.tif|mcai700061.tif|mcai700062.tif|mcai700071.tif|mcai700072.tif|mcai700081.tif|mcai700082.tif
lewis_e_m_070_009-011,mcai700091.tif|mcai700092.tif|mcai700093.tif|mcai700094.tif|mcai700101.tif|mcai700102.tif|mcai700111.tif|mcai700112.tif
lewis_e_m_070_012-016,mcai700121.tif|mcai700122.tif|mcai700131.tif|mcai700132.tif|mcai700141.tif|mcai700142.tif|mcai700151.tif|mcai700152.tif|mcai700161.tif|mcai700162.tif
lewis_e_m_071_001a-c,mcai710013.tif|mcai710015.tif|mcai710016.tif|mcai710017.tif|mcai710018.tif
lewis_e_m_071_002,mcai710021.tif|mcai710022.tif
lewis_e_m_071_003,mcai710031.tif|mcai710032.tif
lewis_e_m_071_004,mcai710041.tif|mcai710042.tif
lewis_e_m_071_005,mcai710051.tif|mcai710052.tif
lewis_e_m_071_006-007,mcai710061.tif|mcai710062.tif|mcai710071.tif|mcai710072.tif
lewis_e_m_071_008-009,mcai710081.tif|mcai710082.tif|mcai710091.tif|mcai710092.tif
lewis_e_m_071_010-013,mcai710101.tif|mcai710102.tif|mcai710111.tif|mcai710112.tif|mcai710121.tif|mcai710122.tif|mcai710131.tif|mcai710132.tif
lewis_e_m_071_014-015,mcai710141.tif|mcai710142.tif|mcai710151.tif|mcai710152.tif
lewis_e_m_072_001,mcai720011.tif|mcai720012.tif
lewis_e_m_072_002,mcai720021.tif|mcai720022.tif
lewis_e_m_072_003,mcai720031.tif|mcai720032.tif
lewis_e_m_072_004-010,mcai720041.tif|mcai720042.tif|mcai720051.tif|mcai720052.tif|mcai720061.tif|mcai720062.tif|mcai720071.tif|mcai720072.tif|mcai720081.tif|mcai720082.tif|mcai720091.tif|mcai720092.tif|mcai720101.tif|mcai720102.tif
lewis_e_m_072_011a,mcai720113.tif|mcai720114.tif
lewis_e_m_072_011b,mcai720115.tif|mcai720116.tif
lewis_e_m_072_012,mcai720121.tif|mcai720122.tif
lewis_e_m_072_013-014,mcai720131.tif|mcai720132.tif|mcai720141.tif|mcai720142.tif
lewis_e_m_072_015-016,mcai720151.tif|mcai720152.tif|mcai720161.tif|mcai720162.tif
lewis_e_m_072_017-021,mcai720171.tif|mcai720181.tif|mcai720182.tif|mcai720191.tif|mcai720192.tif|mcai720193.tif|mcai720194.tif|mcai720201.tif|mcai720202.tif|mcai720211.tif|mcai720212.tif
lewis_e_m_072_017,mcai720172.tif
lewis_e_m_072_022,mcai720221.tif|mcai720222.tif
lewis_e_m_072_023-024,mcai720231.tif|mcai720232.tif|mcai720241.tif|mcai720242.tif
lewis_e_m_073_001-004,mcai730011.tif|mcai730012.tif|mcai730021.tif|mcai730022.tif|mcai730031.tif|mcai730032.tif|mcai730041.tif|mcai730042.tif
lewis_e_m_073_005,mcai730051.tif|mcai730052.tif
lewis_e_m_073_006,mcai730061.tif|mcai730062.tif
lewis_e_m_073_007-009,mcai730071.tif|mcai730072.tif|mcai730081.tif|mcai730082.tif|mcai730091.tif|mcai730092.tif
lewis_e_m_073_010-013,mcai730101.tif|mcai730102.tif|mcai730111.tif|mcai730112.tif|mcai730121.tif|mcai730122.tif|mcai730131.tif|mcai730132.tif
lewis_e_m_073_014,mcai730141.tif|mcai730142.tif
lewis_e_m_073_015-020,mcai730151.tif|mcai730152.tif|mcai730161.tif|mcai730162.tif|mcai730171.tif|mcai730172.tif|mcai730181.tif|mcai730182.tif|mcai730191.tif|mcai730192.tif|mcai730201.tif|mcai730202.tif
lewis_e_m_074_001,mcai740011.tif|mcai740012.tif
lewis_e_m_074_002-003,mcai740021.tif|mcai740022.tif|mcai740031.tif|mcai740032.tif
lewis_e_m_074_004-007,mcai740041.tif|mcai740042.tif|mcai740051.tif|mcai740052.tif|mcai740061.tif|mcai740062.tif|mcai740071.tif|mcai740072.tif
lewis_e_m_074_007a,mcai740073.tif|mcai740074.tif
lewis_e_m_074_008,mcai740081.tif|mcai740082.tif
lewis_e_m_074_009,mcai740091.tif|mcai740092.tif
lewis_e_m_074_010,mcai740101.tif|mcai740102.tif
lewis_e_m_074_011,mcai740111.tif|mcai740112.tif
lewis_e_m_074_012-013,mcai740121.tif|mcai740122.tif|mcai740131.tif|mcai740132.tif
lewis_e_m_074_014,mcai740141.tif|mcai740142.tif
lewis_e_m_074_015,mcai740151.tif|mcai740152.tif
lewis_e_m_074_016,mcai740161.tif|mcai740162.tif
lewis_e_m_074_017,mcai740171.tif
lewis_e_m_074_018,mcai740181.tif|mcai740182.tif
lewis_e_m_074_019,mcai740191.tif|mcai740192.tif
lewis_e_m_075_001,mcai750011.tif|mcai750012.tif
lewis_e_m_075_002,mcai750021.tif|mcai750022.tif
lewis_e_m_075_003,mcai750031.tif|mcai750032.tif
lewis_e_m_075_004,mcai750041.tif|mcai750042.tif
lewis_e_m_075_005,mcai750051.tif|mcai750052.tif
lewis_e_m_075_006,mcai750061.tif|mcai750062.tif
lewis_e_m_075_007,mcai750071.tif
lewis_e_m_075_008,mcai750081.tif
lewis_e_m_075_009,mcai750091.tif|mcai750092.tif
lewis_e_m_075_010,mcai750101.tif|mcai750102.tif
lewis_e_m_075_011,mcai750111.tif|mcai750112.tif
lewis_e_m_075_012,mcai750121.tif|mcai750122.tif
lewis_e_m_075_013,mcai750131.tif|mcai750132.tif
lewis_e_m_075_014,mcai750141.tif|mcai750142.tif
lewis_e_m_075_015,mcai750151.tif|mcai750152.tif
lewis_e_m_075_016,mcai750161.tif|mcai750162.tif
lewis_e_m_075_017,mcai750171.tif|mcai750172.tif
lewis_e_m_076_001-002,mcai760011.tif|mcai760012.tif|mcai760021.tif|mcai760022.tif
lewis_e_m_076_003-004,mcai760031.tif|mcai760032.tif|mcai760041.tif|mcai760042.tif
lewis_e_m_076_005,mcai760051.tif|mcai760052.tif
lewis_e_m_076_006,mcai760061.tif|mcai760062.tif
lewis_e_m_076_007-012,mcai760071.tif|mcai760072.tif|mcai760081.tif|mcai760082.tif|mcai760091.tif|mcai760092.tif|mcai760101.tif|mcai760102.tif|mcai760111.tif|mcai760112.tif|mcai760121.tif|mcai760122.tif
lewis_e_m_076_013,mcai760131.tif|mcai760132.tif
lewis_e_m_076_014,mcai760141.tif|mcai760142.tif
lewis_e_m_076_015,mcai760151.tif|mcai760152.tif
lewis_e_m_076_016,mcai760161.tif|mcai760162.tif
lewis_e_m_076_017,mcai760171.tif|mcai760172.tif
lewis_e_m_076_018,mcai760181.tif|mcai760182.tif
lewis_e_m_076_019-021,mcai760191.tif|mcai760192.tif|mcai760201.tif|mcai760202.tif|mcai760211.tif|mcai760212.tif
lewis_e_m_076_022,mcai760221.tif|mcai760222.tif
lewis_e_m_076_023,mcai760231.tif|mcai760232.tif
lewis_e_m_076_024,mcai760241.tif|mcai760242.tif
lewis_e_m_076_025,mcai760251.tif|mcai760252.tif
lewis_e_m_076_026,mcai760261.tif|mcai760262.tif
lewis_e_m_076_027,mcai760271.tif|mcai760272.tif
lewis_e_m_076_028-029,mcai760281.tif|mcai760282.tif|mcai760283.tif|mcai760284.tif|mcai760291.tif|mcai760292.tif|mcai760293.tif|mcai760294.tif
lewis_e_m_076_029a,mcai760295.tif
lewis_e_m_076_030-035,mcai760301.tif|mcai760302.tif|mcai760311.tif|mcai760312.tif|mcai760321.tif|mcai760322.tif|mcai760331.tif|mcai760332.tif|mcai760341.tif|mcai760342.tif|mcai760351.tif|mcai760352.tif
lewis_e_m_076_036,mcai760361.tif|mcai760362.tif
lewis_e_m_076_037-038,mcai760371.tif|mcai760372.tif|mcai760381.tif|mcai760382.tif
lewis_e_m_076_039-040,mcai760391.tif|mcai760392.tif|mcai760401.tif|mcai760402.tif
lewis_e_m_076_041,mcai760411.tif|mcai760412.tif
lewis_e_m_076_042-044,mcai760421.tif|mcai760422.tif|mcai760423.tif|mcai760424.tif|mcai760431.tif|mcai760432.tif|mcai760433.tif|mcai760434.tif|mcai760441.tif|mcai760442.tif|mcai760443.tif|mcai760444.tif
lewis_e_m_076_045,mcai760451.tif|mcai760452.tif
lewis_e_m_076_046,mcai760461.tif|mcai760462.tif
lewis_e_m_076_047,mcai760471.tif|mcai760472.tif
lewis_e_m_076_048,mcai760481.tif|mcai760482.tif
lewis_e_m_076_049-054,mcai760491.tif|mcai760501.tif|mcai760511.tif|mcai760521.tif|mcai760531.tif|mcai760541.tif
lewis_e_m_076_055,mcai760551.tif|mcai760552.tif
lewis_e_m_076_056,mcai760561.tif|mcai760562.tif
lewis_e_m_076_057,mcai760571.tif
lewis_e_m_077_001,mcai770011.tif
lewis_e_m_077_002,mcai770021.tif
lewis_e_m_077_003,mcai770031.tif
lewis_e_m_077_004,mcai770041.tif
lewis_e_m_077_005,mcai770051.tif
lewis_e_m_077_006,mcai770061.tif
lewis_e_m_077_007,mcai770071.tif
lewis_e_m_077_008,mcai770081.tif
lewis_e_m_077_009,mcai770091.tif
lewis_e_m_077_010,mcai770101.tif
lewis_e_m_077_011,mcai770111.tif
lewis_e_m_077_012,mcai770121.tif
lewis_e_m_077_013,mcai770133.tif|mcai770135.tif|mcai770137.tif
lewis_e_m_077_014,mcai770143.tif|mcai770145.tif
lewis_e_m_077_015,mcai770151.tif
lewis_e_m_077_016,mcai770161.tif
lewis_e_m_077_017,mcai770171.tif
lewis_e_m_077_018,mcai770183.tif|mcai770185.tif
lewis_e_m_077_019,mcai770191.tif
lewis_e_m_077_020,mcai770201.tif
lewis_e_m_077_021,mcai770211.tif
lewis_e_m_077_022,mcai770221.tif
lewis_e_m_077_023,mcai770231.tif
lewis_e_m_077_024,mcai770241.tif
lewis_e_m_077_025,mcai770251.tif
lewis_e_m_077_026,mcai770261.tif
lewis_e_m_077_027,mcai770271.tif
lewis_e_m_077_028,mcai770281.tif
lewis_e_m_077_029,mcai770291.tif
lewis_e_m_077_030,mcai770301.tif
lewis_add_001,mcaia00101.tif|mcaia00102.tif
lewis_add_002,mcaia00201.tif|mcaia00202.tif
lewis_add_003,mcaia00301.tif|mcaia00302.tif
lewis_add_004,mcaia00401.tif
lewis_t001,mcat010011.tif|mcat010012.tif
lewis_t002,mcat010021.tif|mcat010022.tif
lewis_t003,mcat010031.tif|mcat010032.tif
lewis_t004,mcat010041.tif|mcat010042.tif
lewis_t005,mcat010051.tif|mcat010052.tif|mcat010053.tif|mcat010054.tif
lewis_t006,mcat010061.tif|mcat010062.tif
lewis_t007,mcat010071.tif|mcat010072.tif|mcat010073.tif|mcat010074.tif
lewis_t008,mcat010081.tif|mcat010082.tif
lewis_t009,mcat010091.tif|mcat010092.tif|mcat010093.tif|mcat010094.tif|mcat010095.tif|mcat010096.tif
lewis_t010,mcat010101.tif|mcat010102.tif
lewis_t011,mcat010111.tif|mcat010112.tif
lewis_t012,mcat010121.tif|mcat010122.tif
lewis_t013,mcat010131.tif|mcat010132.tif
lewis_t014,mcat010141.tif|mcat010142.tif
lewis_t015,mcat010151.tif|mcat010152.tif
lewis_t016,mcat010161.tif|mcat010162.tif
lewis_t017,mcat010171.tif|mcat010172.tif
lewis_t018,mcat010181.tif|mcat010182.tif
lewis_t019,mcat010191.tif|mcat010192.tif
lewis_t020,mcat010201.tif|mcat010202.tif
lewis_t021,mcat010211.tif|mcat010212.tif
lewis_t022,mcat010221.tif|mcat010222.tif
lewis_t023,mcat010231.tif|mcat010232.tif
lewis_t024,mcat010241.tif|mcat010242.tif
lewis_t025,mcat010251.tif|mcat010252.tif
lewis_t026,mcat010261.tif|mcat010262.tif
lewis_t027,mcat010271.tif|mcat010272.tif|mcat010273.tif|mcat010274.tif
lewis_t028,mcat010281.tif|mcat010282.tif
lewis_t029,mcat010291.tif|mcat010292.tif
lewis_t030,mcat010301.tif|mcat010302.tif
lewis_t031,mcat010311.tif|mcat010312.tif
lewis_t032,mcat010321.tif|mcat010322.tif
lewis_t033,mcat020331.tif|mcat020332.tif|mcat020333.tif|mcat020334.tif
lewis_t034,mcat020341.tif|mcat020342.tif|mcat020343.tif|mcat020344.tif
lewis_t035,mcat020351.tif|mcat020352.tif
lewis_t036,mcat020361.tif|mcat020362.tif
lewis_t037,mcat020371.tif|mcat020372.tif
lewis_t038,mcat020381.tif|mcat020382.tif
lewis_t039,mcat020391.tif|mcat020392.tif|mcat020393.tif|mcat020394.tif
lewis_t040,mcat020401.tif|mcat020402.tif|mcat020403.tif|mcat020404.tif
lewis_t042,mcat020421.tif|mcat020422.tif|mcat020423.tif|mcat020424.tif
lewis_t043,mcat020431.tif|mcat020432.tif
lewis_t044,mcat020441.tif|mcat020442.tif
lewis_t045,mcat020451.tif|mcat020452.tif
lewis_t046,mcat020461.tif|mcat020462.tif
lewis_t047,mcat020471.tif|mcat020472.tif|mcat020473.tif|mcat020474.tif
lewis_t048,mcat020481.tif|mcat020482.tif|mcat020483.tif|mcat020484.tif
lewis_t049,mcat020491.tif|mcat020492.tif|mcat020493.tif|mcat020494.tif|mcat020495.tif|mcat020496.tif|mcat020497.tif|mcat020498.tif
lewis_t050,mcat020501.tif|mcat020502.tif
lewis_t051,mcat020511.tif|mcat020512.tif
lewis_t052,mcat020521.tif|mcat020522.tif|mcat020523.tif|mcat020524.tif
lewis_t053,mcat020531.tif|mcat020532.tif
lewis_t054,mcat020541.tif|mcat020542.tif
lewis_t055,mcat020551.tif|mcat020552.tif
lewis_t056,mcat020561.tif|mcat020562.tif
lewis_t057,mcat020571.tif|mcat020572.tif
lewis_t058,mcat020581.tif|mcat020582.tif
lewis_t059,mcat020591.tif|mcat020592.tif
lewis_t060,mcat020601.tif|mcat020602.tif
lewis_t061,mcat020611.tif|mcat020612.tif
lewis_t062,mcat030621.tif|mcat030622.tif
lewis_t063,mcat030631.tif|mcat030632.tif
lewis_t064,mcat030641.tif|mcat030642.tif
lewis_t065,mcat030651.tif|mcat030652.tif|mcat030653.tif|mcat030654.tif
lewis_t066,mcat030661.tif|mcat030662.tif
lewis_t067,mcat030671.tif|mcat030672.tif|mcat030673.tif|mcat030674.tif
lewis_t068,mcat030681.tif|mcat030682.tif
lewis_t069,mcat030691.tif|mcat030692.tif
lewis_t070,mcat030701.tif|mcat030702.tif
lewis_t071,mcat030711.tif|mcat030712.tif|mcat030713.tif|mcat030714.tif|mcat030715.tif|mcat030716.tif|mcat030717.tif|mcat030718.tif
lewis_t072,mcat030721.tif|mcat030722.tif|mcat030723.tif|mcat030724.tif
lewis_t073,mcat030731.tif|mcat030732.tif
lewis_t074,mcat030741.tif|mcat030742.tif
lewis_t075,mcat030751.tif|mcat030752.tif
lewis_t076,mcat030761.tif|mcat030762.tif
lewis_t077,mcat030771.tif|mcat030772.tif
lewis_t078a,mcat030781.tif|mcat030782.tif
lewis_t078b,mcat030783.tif|mcat030784.tif
lewis_t079,mcat030791.tif|mcat030792.tif
lewis_t080,mcat030801.tif|mcat030802.tif
lewis_t081,mcat030811.tif|mcat030812.tif|mcat030813.tif|mcat030814.tif
lewis_t082,mcat030821.tif|mcat030822.tif
lewis_t083,mcat030831.tif|mcat030832.tif
lewis_t084,mcat030841.tif|mcat030842.tif|mcat030843.tif|mcat030844.tif
lewis_t086,mcat030861.tif|mcat030862.tif
lewis_t087,mcat030871.tif|mcat030872.tif
lewis_t088,mcat030881.tif|mcat030882.tif
lewis_t089,mcat030891.tif|mcat030892.tif|mcat030893.tif|mcat030894.tif
lewis_t090,mcat030901.tif|mcat030902.tif
lewis_t091,mcat030911.tif|mcat030912.tif
lewis_t092,mcat040921.tif|mcat040922.tif
lewis_t093,mcat040931.tif|mcat040932.tif
lewis_t094,mcat040941.tif|mcat040942.tif
lewis_t095,mcat040951.tif|mcat040952.tif
lewis_t096,mcat040961.tif|mcat040962.tif|mcat040963.tif|mcat040964.tif
lewis_t097,mcat040971.tif|mcat040972.tif
lewis_t098,mcat040981.tif|mcat040982.tif
lewis_t099,mcat040991.tif|mcat040992.tif
lewis_t100,mcat041001.tif|mcat041002.tif
lewis_t101,mcat041011.tif|mcat041012.tif
lewis_t102,mcat041021.tif|mcat041022.tif
lewis_t103,mcat041031.tif|mcat041032.tif
lewis_t104,mcat041041.tif|mcat041042.tif
lewis_t105a,mcat041051.tif|mcat041052.tif|mcat041053.tif|mcat041054.tif
lewis_t105b,mcat041055.tif|mcat041056.tif
lewis_t106,mcat041061.tif|mcat041062.tif
lewis_t107,mcat041071.tif|mcat041072.tif
lewis_t108,mcat041081.tif|mcat041082.tif
lewis_t109,mcat041091.tif|mcat041092.tif
lewis_t110,mcat041101.tif|mcat041102.tif
lewis_t111,mcat041111.tif|mcat041112.tif
lewis_t112,mcat041121.tif|mcat041122.tif
lewis_t113,mcat041131.tif|mcat041132.tif|mcat041133.tif|mcat041134.tif
lewis_t114,mcat041141.tif|mcat041142.tif|mcat041143.tif|mcat041144.tif
lewis_t115,mcat041151.tif|mcat041152.tif
lewis_t116,mcat041161.tif|mcat041162.tif|mcat041163.tif|mcat041164.tif
lewis_t117,mcat041171.tif|mcat041172.tif|mcat041173.tif|mcat041174.tif
lewis_t118,mcat041181.tif|mcat041182.tif
lewis_t119,mcat041191.tif|mcat041192.tif
lewis_t120,mcat041201.tif|mcat041202.tif
lewis_t121,mcat051211.tif|mcat051212.tif
lewis_t126,mcat051261.tif|mcat051262.tif|mcat051263.tif|mcat051264.tif
lewis_t127,mcat051271.tif|mcat051272.tif
lewis_t128,mcat051281.tif|mcat051282.tif|mcat051283.tif|mcat051284.tif
lewis_t129,mcat051291.tif|mcat051292.tif|mcat051293.tif|mcat051294.tif
lewis_t130,mcat051301.tif|mcat051302.tif|mcat051303.tif|mcat051304.tif
lewis_t131,mcat051311.tif|mcat051312.tif|mcat051313.tif|mcat051314.tif|mcat051315.tif|mcat051316.tif|mcat051317.tif|mcat051318.tif
lewis_t132,mcat051321.tif|mcat051322.tif|mcat051323.tif|mcat051324.tif|mcat051325.tif|mcat051326.tif|mcat051327.tif|mcat051328.tif
lewis_t133,mcat051331.tif|mcat051332.tif
lewis_t134,mcat051341.tif|mcat051342.tif
lewis_t135,mcat051351.tif|mcat051352.tif|mcat051353.tif|mcat051354.tif
lewis_t136,mcat051361.tif|mcat051362.tif|mcat051363.tif|mcat051364.tif
lewis_t137,mcat051371.tif|mcat051372.tif
lewis_t138,mcat051381.tif|mcat051382.tif|mcat051383.tif|mcat051384.tif
lewis_t139,mcat051391.tif|mcat051392.tif|mcat051393.tif|mcat051394.tif
lewis_t140,mcat051401.tif|mcat051402.tif
lewis_t141,mcat051411.tif|mcat051412.tif
lewis_t142,mcat051421.tif|mcat051422.tif
lewis_t143,mcat051431.tif|mcat051432.tif
lewis_t144,mcat051441.tif|mcat051442.tif
lewis_t145,mcat051451.tif|mcat051452.tif
lewis_t146,mcat051461.tif|mcat051462.tif
lewis_t147,mcat051471.tif|mcat051472.tif
lewis_t148,mcat051481.tif|mcat051482.tif|mcat051483.tif|mcat051484.tif
lewis_t149,mcat051491.tif|mcat051492.tif
lewis_t150,mcat051501.tif|mcat051502.tif
lewis_t122,mcat051521.tif|mcat051522.tif
lewis_t123,mcat051531.tif|mcat051532.tif|mcat051533.tif|mcat051534.tif
lewis_t124,mcat051541.tif|mcat051542.tif
lewis_t125,mcat051551.tif|mcat051552.tif
lewis_t151,mcat061511.tif|mcat061512.tif
lewis_t152,mcat061521.tif|mcat061522.tif|mcat061523.tif|mcat061524.tif
lewis_t153,mcat061531.tif|mcat061532.tif
lewis_t154,mcat061541.tif|mcat061542.tif
lewis_t155,mcat061551.tif|mcat061552.tif|mcat061553.tif
lewis_t156,mcat061561.tif|mcat061562.tif
lewis_t157,mcat061571.tif|mcat061572.tif
lewis_t158,mcat061581.tif|mcat061582.tif|mcat061583.tif|mcat061584.tif
lewis_t159,mcat061591.tif|mcat061592.tif
lewis_t160,mcat061601.tif|mcat061602.tif
lewis_t161,mcat061611.tif|mcat061612.tif
lewis_t162,mcat061621.tif|mcat061622.tif
lewis_t163,mcat061631.tif|mcat061632.tif
lewis_t164,mcat061641.tif|mcat061642.tif
lewis_t165,mcat061651.tif|mcat061652.tif
lewis_t166,mcat061661.tif|mcat061662.tif
lewis_t167,mcat061671.tif|mcat061672.tif
lewis_t168,mcat061681.tif|mcat061682.tif
lewis_t169,mcat061691.tif|mcat061692.tif
lewis_t170,mcat061701.tif|mcat061702.tif
lewis_t171,mcat061711.tif|mcat061712.tif
lewis_t172,mcat061721.tif|mcat061722.tif|mcat061723.tif|mcat061724.tif
lewis_t173,mcat061731.tif|mcat061732.tif
lewis_t174,mcat061741.tif|mcat061742.tif
lewis_t175,mcat061751.tif|mcat061752.tif
lewis_t176,mcat061761.tif|mcat061762.tif
lewis_t177,mcat061771.tif|mcat061772.tif
lewis_t178,mcat061781.tif|mcat061782.tif
lewis_t179,mcat061791.tif|mcat061792.tif|mcat061793.tif|mcat061794.tif
lewis_t180,mcat061801.tif|mcat061802.tif
lewis_t181,mcat061811.tif|mcat061812.tif
lewis_t182,mcat061821.tif|mcat061822.tif
lewis_t183,mcat061831.tif|mcat061832.tif
lewis_t184,mcat071841.tif|mcat071842.tif
lewis_t185,mcat071851.tif|mcat071852.tif
lewis_t186,mcat071861.tif|mcat071862.tif
lewis_t187,mcat071871.tif|mcat071872.tif
lewis_t188,mcat071881.tif|mcat071882.tif
lewis_t189,mcat071891.tif|mcat071892.tif
lewis_t190,mcat071901.tif|mcat071902.tif
lewis_t191,mcat071911.tif|mcat071912.tif|mcat071913.tif|mcat071914.tif
lewis_t192,mcat071921.tif|mcat071922.tif
lewis_t193,mcat07193a.tif|mcat07193b.tif|mcat07193c.tif|mcat07193d.tif|mcat07193e.tif|mcat07193f.tif|mcat07193g.tif|mcat07193h.tif|mcat07193i.tif|mcat07193j.tif|mcat07193k.tif|mcat07193l.tif
lewis_t194,mcat07194a.tif|mcat07194b.tif|mcat07194c.tif|mcat07194d.tif|mcat07194e.tif|mcat07194f.tif|mcat07194g.tif|mcat07194h.tif|mcat07194i.tif|mcat07194j.tif|mcat07194k.tif|mcat07194l.tif|mcat07194m.tif|mcat07194n.tif|mcat07194o.tif|mcat07194p.tif|mcat07194q.tif|mcat07194r.tif
lewis_t195,mcat071951.tif|mcat071952.tif
lewis_t196,mcat071961.tif|mcat071962.tif
lewis_t197,mcat071971.tif|mcat071972.tif
lewis_t198,mcat071981.tif|mcat071982.tif
lewis_t199,mcat071991.tif|mcat071992.tif|mcat071993.tif|mcat071994.tif
lewis_t200,mcat072001.tif|mcat072002.tif|mcat072003.tif|mcat072004.tif
lewis_t201,mcat072011.tif|mcat072012.tif|mcat072013.tif|mcat072014.tif
lewis_t202,mcat072021.tif|mcat072022.tif|mcat072023.tif|mcat072024.tif
lewis_t203,mcat072031.tif|mcat072032.tif
lewis_t204,mcat072041.tif|mcat072042.tif
lewis_t205,mcat072051.tif|mcat072052.tif
lewis_t206,mcat072061.tif
lewis_t207,mcat072071.tif
lewis_t208,mcat072081.tif
lewis_t209,mcat072091.tif
lewis_t210,mcat072101.tif
lewis_t211,mcat072111.tif|mcat072112.tif
lewis_t212,mcat072121.tif
lewis_t213,mcat072131.tif
lewis_t214,mcat072141.tif
lewis_t215,mcat072151.tif
lewis_t216,mcat072161.tif
lewis_t217,mcat072171.tif
lewis_t218,mcat072181.tif
lewis_t219,mcat082191.tif|mcat082192.tif
lewis_t220,mcat082201.tif|mcat082202.tif
lewis_t221,mcat082211.tif|mcat082212.tif
lewis_t222,mcat082221.tif|mcat082222.tif
lewis_t223,mcat082231.tif|mcat082232.tif
lewis_t224,mcat082241.tif|mcat082242.tif
lewis_t225,mcat082251.tif|mcat082252.tif
lewis_t226,mcat082261.tif|mcat082262.tif
lewis_t227,mcat082271.tif|mcat082272.tif
lewis_t228,mcat082281.tif|mcat082282.tif
lewis_t229,mcat082291.tif|mcat082292.tif
lewis_t230,mcat082301.tif|mcat082302.tif
lewis_t231,mcat082311.tif
lewis_t232,mcat082321.tif|mcat082322.tif
lewis_t233,mcat082331.tif|mcat082332.tif
lewis_t234,mcat082341.tif
lewis_t235,mcat082351.tif
lewis_t236,mcat082361.tif|mcat082362.tif
lewis_t237,mcat082371.tif|mcat082372.tif
lewis_t238,mcat082381.tif|mcat082382.tif
lewis_t240,mcat082401.tif
lewis_t241,mcat082411.tif|mcat082412.tif|mcat082413.tif
lewis_t242,mcat082421.tif|mcat082422.tif
lewis_t243,mcat082431.tif|mcat082432.tif
lewis_t244,mcat082441.tif
lewis_t245,mcat082451.tif|mcat082452.tif
lewis_t246,mcat082461.tif|mcat082462.tif
lewis_t247,mcat082471.tif
lewis_t248,mcat082481.tif
lewis_t249,mcat082491.tif|mcat082492.tif
lewis_t250,mcat082501.tif|mcat082502.tif
lewis_t251,mcat082511.tif
lewis_t252,mcat082521.tif|mcat082522.tif
lewis_t253,mcat082531.tif|mcat082532.tif
lewis_t254,mcat082541.tif|mcat082542.tif
lewis_t255,mcat082551.tif
lewis_t256,mcat082561.tif
lewis_t257,mcat082571.tif|mcat082572.tif
lewis_t258,mcat082581.tif
lewis_t259,mcat082591.tif|mcat082592.tif
lewis_t260,mcat082601.tif|mcat082602.tif
lewis_t261,mcat082611.tif|mcat082612.tif
lewis_t262,mcat082621.tif|mcat082622.tif
lewis_t263,mcat082631.tif|mcat082632.tif
lewis_t264,mcat082641.tif
lewis_t265,mcat082651.tif
lewis_t266,mcat082661.tif
lewis_t267,mcat082671.tif
lewis_t268,mcat082681.tif|mcat082682.tif
lewis_t269,mcat082691.tif|mcat082692.tif
lewis_t270,mcat082701.tif|mcat082702.tif
lewis_t271,mcat082711.tif|mcat082712.tif
lewis_t272,mcat082721.tif|mcat082722.tif
lewis_t273,mcat082731.tif|mcat082732.tif
lewis_t274,mcat092741.tif|mcat092742.tif|mcat092743.tif|mcat092744.tif|mcat092745.tif|mcat092746.tif|mcat092747.tif
lewis_t275,mcat092751.tif|mcat092752.tif
lewis_t276,mcat092761.tif|mcat092762.tif
lewis_t277,mcat092771.tif|mcat092772.tif
lewis_t278,mcat092781.tif
lewis_t449,mcat094491.tif|mcat094492.tif
lewis_t450,mcat094501.tif
lewis_t451,mcat094511.tif|mcat094512.tif
lewis_t452,mcat094521.tif|mcat094522.tif
lewis_t453,mcat094531.tif|mcat094532.tif
lewis_t454,mcat094541.tif|mcat094542.tif
lewis_t455,mcat094551.tif|mcat094552.tif
lewis_t456,mcat094561.tif|mcat094562.tif
lewis_t457,mcat094571.tif|mcat094572.tif
lewis_t458,mcat094581.tif
lewis_t459,mcat094591.tif|mcat094592.tif
lewis_t460,mcat094601.tif|mcat094602.tif
lewis_t461,mcat094611.tif|mcat094612.tif
lewis_t462,mcat094621.tif|mcat094622.tif
lewis_t463,mcat094631.tif|mcat094632.tif
lewis_t464,mcat094641.tif|mcat094642.tif
lewis_t465,mcat094651.tif|mcat094652.tif
lewis_t469,mcat094691.tif|mcat094692.tif|mcat094693.tif|mcat094694.tif
lewis_t470,mcat094701.tif|mcat094702.tif
lewis_t471,mcat094711.tif|mcat094712.tif
lewis_t472,mcat094721.tif|mcat094722.tif
lewis_t473,mcat094731.tif|mcat094732.tif
lewis_t474,mcat094741.tif|mcat094742.tif
lewis_t475,mcat094751.tif|mcat094752.tif
lewis_t476,mcat094761.tif|mcat094762.tif
lewis_t477,mcat094771.tif|mcat094772.tif
lewis_t478,mcat094781.tif|mcat094782.tif
lewis_t479,mcat094791.tif|mcat094792.tif
lewis_t480,mcat094801.tif|mcat094802.tif
lewis_t481,mcat094811.tif|mcat094812.tif
lewis_t482,mcat094821.tif|mcat094822.tif|mcat094823.tif|mcat094824.tif
lewis_t483,mcat094831.tif|mcat094832.tif
lewis_t484,mcat094841.tif|mcat094842.tif
lewis_t485,mcat094851.tif|mcat094852.tif
lewis_t496,mcat094961.tif|mcat094962.tif|mcat094963.tif|mcat094964.tif
lewis_t497,mcat094971.tif|mcat094972.tif|mcat094973.tif|mcat094974.tif
lewis_t498,mcat094981.tif|mcat094982.tif
lewis_t499,mcat094991.tif|mcat094992.tif
lewis_t500,mcat095001.tif|mcat095002.tif
lewis_t501,mcat095011.tif|mcat095012.tif
lewis_t502,mcat095021.tif|mcat095022.tif|mcat095023.tif|mcat095024.tif
lewis_t503,mcat095031.tif|mcat095032.tif
lewis_t504,mcat095041.tif|mcat095042.tif
lewis_t505,mcat095051.tif|mcat095052.tif|mcat095053.tif|mcat095054.tif
lewis_t041,mcat100411.tif|mcat100412.tif|mcat100413.tif|mcat100414.tif
lewis_t085,mcat100851.tif|mcat100852.tif
lewis_t239,mcat102391.tif|mcat102392.tif
lewis_t279,mcat102791.tif|mcat102792.tif
lewis_t280,mcat102801.tif|mcat102802.tif
lewis_t281,mcat102811.tif|mcat102812.tif|mcat102813.tif|mcat102814.tif
lewis_t282,mcat102821.tif|mcat102822.tif|mcat102823.tif|mcat102824.tif
lewis_t283,mcat102831.tif|mcat102832.tif
lewis_t284,mcat102841.tif|mcat102842.tif|mcat102843.tif|mcat102844.tif
lewis_t285,mcat102851.tif|mcat102852.tif
lewis_t286,mcat102861.tif|mcat102862.tif
lewis_t287,mcat102871.tif|mcat102872.tif
lewis_t288,mcat102881.tif|mcat102882.tif|mcat102883.tif|mcat102884.tif
lewis_t289,mcat102891.tif|mcat102892.tif
lewis_t290,mcat102901.tif|mcat102902.tif
lewis_t291,mcat102911.tif|mcat102912.tif
lewis_t292,mcat102921.tif|mcat102922.tif
lewis_t293,mcat102931.tif|mcat102932.tif
lewis_t294,mcat102941.tif|mcat102942.tif
lewis_t295,mcat102951.tif|mcat102952.tif
lewis_t296,mcat102961.tif|mcat102962.tif
lewis_t297,mcat102971.tif|mcat102972.tif
lewis_t298,mcat102981.tif|mcat102982.tif
lewis_t299,mcat102991.tif|mcat102992.tif
lewis_t300,mcat113001.tif|mcat113002.tif|mcat113003.tif|mcat113004.tif
lewis_t301,mcat113011.tif|mcat113012.tif
lewis_t302,mcat113021.tif|mcat113022.tif
lewis_t303,mcat113031.tif|mcat113032.tif
lewis_t304,mcat113041.tif|mcat113042.tif
lewis_t305,mcat113051.tif
lewis_t306,mcat113061.tif|mcat113062.tif|mcat113063.tif|mcat113064.tif
lewis_t307,mcat113071.tif|mcat113072.tif
lewis_t308,mcat113081.tif|mcat113082.tif|mcat113083.tif|mcat113084.tif
lewis_t309,mcat113091.tif|mcat113092.tif
lewis_t310,mcat113101.tif|mcat113102.tif
lewis_t311,mcat113111.tif|mcat113112.tif
lewis_t312,mcat11312a.tif|mcat11312b.tif|mcat11312c.tif|mcat11312d.tif|mcat11312e.tif|mcat11312f.tif|mcat11312g.tif|mcat11312h.tif|mcat11312i.tif|mcat11312j.tif|mcat11312k.tif|mcat11312l.tif|mcat11312m.tif|mcat11312n.tif|mcat11312o.tif|mcat11312p.tif|mcat11312q.tif|mcat11312r.tif
lewis_t313,mcat11313a.tif|mcat11313b.tif|mcat11313c.tif|mcat11313d.tif|mcat11313e.tif|mcat11313f.tif|mcat11313g.tif|mcat11313h.tif|mcat11313i.tif|mcat11313j.tif|mcat11313k.tif|mcat11313l.tif|mcat11313m.tif|mcat11313n.tif|mcat11313o.tif|mcat11313p.tif|mcat11313q.tif|mcat11313r.tif
lewis_t314,mcat113141.tif|mcat113142.tif|mcat113143.tif|mcat113144.tif|mcat113145.tif|mcat113146.tif
lewis_t315,mcat11315a.tif|mcat11315b.tif|mcat11315c.tif|mcat11315d.tif|mcat11315e.tif|mcat11315f.tif|mcat11315g.tif|mcat11315h.tif|mcat11315i.tif|mcat11315j.tif|mcat11315k.tif|mcat11315l.tif|mcat11315m.tif|mcat11315n.tif|mcat11315o.tif|mcat11315p.tif
lewis_t316,mcat11316a.tif|mcat11316b.tif|mcat11316c.tif|mcat11316d.tif|mcat11316e.tif|mcat11316f.tif|mcat11316g.tif|mcat11316h.tif|mcat11316i.tif|mcat11316j.tif|mcat11316k.tif|mcat11316l.tif|mcat11316m.tif|mcat11316n.tif|mcat11316o.tif|mcat11316p.tif
lewis_t317,mcat113171.tif|mcat113172.tif
lewis_t318,mcat113181.tif|mcat113182.tif
lewis_t319,mcat113191.tif|mcat113192.tif|mcat113193.tif|mcat113194.tif
lewis_t320,mcat113201.tif|mcat113202.tif|mcat113203.tif|mcat113204.tif
lewis_t321,mcat113211.tif|mcat113212.tif|mcat113213.tif|mcat113214.tif
lewis_t322,mcat113221.tif|mcat113222.tif
lewis_t323,mcat113231.tif|mcat113232.tif
lewis_t324,mcat123241.tif|mcat123242.tif
lewis_t325,mcat123251.tif|mcat123252.tif
lewis_t326,mcat123261.tif|mcat123262.tif|mcat123263.tif|mcat123264.tif
lewis_t327,mcat123271.tif|mcat123272.tif
lewis_t328,mcat123281.tif|mcat123282.tif
lewis_t330,mcat123301.tif|mcat123302.tif|mcat123303.tif|mcat123304.tif
lewis_t331,mcat123311.tif|mcat123312.tif|mcat123313.tif|mcat123314.tif
lewis_t332,mcat123321.tif|mcat123322.tif
lewis_t333,mcat123331.tif|mcat123332.tif
lewis_t334,mcat123341.tif|mcat123342.tif
lewis_t335,mcat123351.tif|mcat123352.tif
lewis_t336,mcat123361.tif|mcat123362.tif
lewis_t337,mcat123371.tif|mcat123372.tif
lewis_t338,mcat123381.tif|mcat123382.tif|mcat123383.tif|mcat123384.tif
lewis_t339,mcat123391.tif|mcat123392.tif
lewis_t340,mcat123401.tif|mcat123402.tif
lewis_t341,mcat123411.tif|mcat123412.tif
lewis_t342,mcat123421.tif|mcat123422.tif
lewis_t343,mcat123431.tif|mcat123432.tif
lewis_t344,mcat123441.tif|mcat123442.tif
lewis_t345,mcat123451.tif|mcat123452.tif|mcat123453.tif|mcat123454.tif
lewis_t346,mcat123461.tif|mcat123462.tif
lewis_t347,mcat123471.tif|mcat123472.tif|mcat123473.tif|mcat123474.tif
lewis_t348,mcat133481.tif|mcat133482.tif
lewis_t349,mcat133491.tif|mcat133492.tif
lewis_t350,mcat133501.tif|mcat133502.tif
lewis_t351,mcat133511.tif|mcat133512.tif|mcat133513.tif|mcat133514.tif
lewis_t352,mcat133521.tif|mcat133522.tif
lewis_t353,mcat133531.tif|mcat133532.tif
lewis_t354,mcat133541.tif|mcat133542.tif
lewis_t355,mcat133551.tif|mcat133552.tif
lewis_t356,mcat133561.tif|mcat133562.tif
lewis_t357,mcat133571.tif|mcat133572.tif|mcat133573.tif|mcat133574.tif
lewis_t358,mcat133581.tif|mcat133582.tif
lewis_t359,mcat133591.tif|mcat133592.tif
lewis_t360,mcat133601.tif|mcat133602.tif
lewis_t361,mcat133611.tif|mcat133612.tif
lewis_t362,mcat133621.tif|mcat133622.tif
lewis_t363,mcat133631.tif|mcat133632.tif
lewis_t364,mcat133641.tif|mcat133642.tif
lewis_t365,mcat133651.tif|mcat133652.tif
lewis_t366,mcat133661.tif|mcat133662.tif
lewis_t367,mcat133671.tif|mcat133672.tif
lewis_t368,mcat133681.tif|mcat133682.tif
lewis_t369,mcat133691.tif|mcat133692.tif
lewis_t370,mcat133701.tif|mcat133702.tif
lewis_t371,mcat133711.tif|mcat133712.tif
lewis_t372,mcat133721.tif|mcat133722.tif
lewis_t373,mcat133731.tif|mcat133732.tif|mcat133733.tif|mcat133734.tif
lewis_t374,mcat133741.tif|mcat133742.tif
lewis_t375,mcat133751.tif|mcat133752.tif
lewis_t376,mcat143761.tif|mcat143762.tif
lewis_t377,mcat143771.tif|mcat143772.tif|mcat143773.tif|mcat143774.tif
lewis_t378,mcat143781.tif|mcat143782.tif|mcat143783.tif|mcat143784.tif
lewis_t379,mcat143791.tif|mcat143792.tif|mcat143793.tif|mcat143794.tif
lewis_t380,mcat143801.tif|mcat143802.tif
lewis_t381,mcat143811.tif|mcat143812.tif
lewis_t382,mcat143821.tif|mcat143822.tif
lewis_t383,mcat143831.tif|mcat143832.tif|mcat143833.tif|mcat143834.tif
lewis_t384,mcat143841.tif|mcat143842.tif
lewis_t385,mcat143851.tif|mcat143852.tif
lewis_t386,mcat143861.tif|mcat143862.tif
lewis_t387,mcat143871.tif|mcat143872.tif
lewis_t388,mcat143881.tif|mcat143882.tif
lewis_t389,mcat143891.tif|mcat143892.tif
lewis_t390,mcat143901.tif|mcat143902.tif
lewis_t391,mcat143911.tif|mcat143912.tif
lewis_t392,mcat143921.tif|mcat143922.tif
lewis_t393,mcat143931.tif|mcat143932.tif
lewis_t394,mcat143941.tif|mcat143942.tif|mcat143943.tif|mcat143944.tif
lewis_t395,mcat143951.tif|mcat143952.tif
lewis_t396,mcat143961.tif|mcat143962.tif|mcat143963.tif|mcat143964.tif
lewis_t397,mcat143971.tif|mcat143972.tif
lewis_t398,mcat143981.tif|mcat143982.tif|mcat143983.tif|mcat143984.tif|mcat143985.tif|mcat143986.tif
lewis_t399,mcat153991.tif
lewis_t399a,mcat153992.tif
lewis_t400,mcat154001.tif
lewis_t401,mcat154011.tif|mcat154012.tif
lewis_t402,mcat154021.tif|mcat154022.tif
lewis_t403,mcat154031.tif|mcat154032.tif|mcat154033.tif
lewis_t404,mcat154041.tif|mcat154042.tif
lewis_t405,mcat154051.tif|mcat154052.tif
lewis_t406,mcat154061.tif
lewis_t407,mcat154071.tif|mcat154072.tif
lewis_t408,mcat154081.tif
lewis_t409,mcat154091.tif
lewis_t410,mcat154101.tif|mcat154102.tif
lewis_t486,mcat154861.tif|mcat154862.tif
lewis_t487,mcat154871.tif|mcat154872.tif
lewis_t488,mcat154881.tif|mcat154882.tif|mcat154883.tif|mcat154884.tif
lewis_t489,mcat154891.tif|mcat154892.tif
lewis_t490,mcat154901.tif|mcat154902.tif
lewis_t491,mcat154911.tif|mcat154912.tif
lewis_t492,mcat154921.tif|mcat154922.tif
lewis_t493,mcat154931.tif|mcat154932.tif
lewis_t494,mcat154941.tif|mcat154942.tif
lewis_t506,mcat155061.tif|mcat155062.tif|mcat155063.tif|mcat155064.tif
lewis_t507,mcat155071.tif|mcat155072.tif|mcat155073.tif|mcat155074.tif
lewis_t508,mcat155081.tif|mcat155082.tif
lewis_t509,mcat155091.tif|mcat155092.tif
lewis_t510,mcat155101.tif|mcat155102.tif|mcat155103.tif|mcat155104.tif
lewis_t511,mcat155111.tif|mcat155112.tif
lewis_t329,mcat163291.tif|mcat163292.tif
lewis_t329a,mcat163293.tif|mcat163294.tif
lewis_t411,mcat164111.tif|mcat164112.tif
lewis_t412,mcat164121.tif|mcat164122.tif
lewis_t413,mcat164131.tif|mcat164132.tif|mcat164133.tif|mcat164134.tif
lewis_t414,mcat164141.tif|mcat164142.tif
lewis_t415,mcat164151.tif|mcat164152.tif
lewis_t416,mcat164161.tif|mcat164162.tif
lewis_t417,mcat164171.tif|mcat164172.tif
lewis_t418,mcat164181.tif|mcat164182.tif
lewis_t419,mcat164191.tif|mcat164192.tif
lewis_t420,mcat164201.tif|mcat164202.tif
lewis_t421,mcat164211.tif|mcat164212.tif
lewis_t422,mcat164221.tif|mcat164222.tif
lewis_t423,mcat164231.tif|mcat164232.tif
lewis_t424,mcat164241.tif|mcat164242.tif
lewis_t425,mcat164251.tif|mcat164252.tif
lewis_t426,mcat164261.tif|mcat164262.tif
lewis_t427,mcat164271.tif|mcat164272.tif
lewis_t428,mcat164281.tif|mcat164282.tif
lewis_t429,mcat164291.tif|mcat164292.tif
lewis_t430,mcat164301.tif|mcat164302.tif
lewis_t431,mcat164311.tif|mcat164312.tif
lewis_t432,mcat164321.tif|mcat164322.tif
lewis_t433,mcat164331.tif|mcat164332.tif
lewis_t434,mcat164341.tif|mcat164342.tif
lewis_t435,mcat164351.tif|mcat164352.tif
lewis_t436,mcat164361.tif|mcat164362.tif
lewis_t438,mcat164381.tif|mcat164382.tif|mcat164383.tif|mcat164384.tif
lewis_t439,mcat164391.tif|mcat164392.tif
lewis_t440,mcat164401.tif|mcat164402.tif|mcat164403.tif|mcat164404.tif
lewis_t441,mcat164411.tif|mcat164412.tif
lewis_t442,mcat164421.tif|mcat164422.tif
lewis_t443,mcat164431.tif|mcat164432.tif
lewis_t444,mcat164441.tif|mcat164442.tif
lewis_t445,mcat164451.tif|mcat164452.tif
lewis_t446,mcat164461.tif|mcat164462.tif
lewis_t447,mcat164471.tif|mcat164472.tif
lewis_t437,mcat164671.tif|mcat164672.tif
lewis_t618,mcat174491.tif|mcat174492.tif
lewis_t619,mcat174501.tif|mcat174502.tif
lewis_t620,mcat174511.tif|mcat174512.tif
lewis_t621,mcat174521.tif|mcat174522.tif
lewis_t622,mcat174531.tif|mcat174532.tif
lewis_t623,mcat174541.tif|mcat174542.tif
lewis_t624,mcat174551.tif|mcat174552.tif
lewis_t625,mcat174561.tif|mcat174562.tif
lewis_t626,mcat174571.tif|mcat174572.tif
lewis_t627,mcat174581.tif|mcat174582.tif
lewis_t628,mcat174591.tif|mcat174592.tif
lewis_t629,mcat174601.tif|mcat174602.tif
lewis_t630,mcat174611.tif|mcat174612.tif
lewis_t631,mcat174621.tif|mcat174622.tif
lewis_t632,mcat174631.tif|mcat174632.tif
lewis_t633,mcat174641.tif|mcat174642.tif
lewis_t634,mcat174651.tif|mcat174652.tif
lewis_t635,mcat174661.tif|mcat174662.tif
lewis_t636,mcat174671.tif|mcat174672.tif
lewis_t637,mcat174681.tif|mcat174682.tif
lewis_t638,mcat174691.tif|mcat174692.tif
lewis_t639,mcat174701.tif|mcat174702.tif
lewis_t640,mcat174711.tif|mcat174712.tif
lewis_t641,mcat174721.tif|mcat174722.tif
lewis_t642,mcat174731.tif|mcat174732.tif
lewis_t643,mcat174741.tif|mcat174742.tif
lewis_t644,mcat174751.tif|mcat174752.tif
lewis_t645,mcat174761.tif|mcat174762.tif
lewis_t646,mcat174771.tif|mcat174772.tif
lewis_t647,mcat174781.tif|mcat174782.tif
lewis_t648,mcat174791.tif|mcat174792.tif
lewis_t649,mcat174801.tif|mcat174802.tif
lewis_t650,mcat174811.tif|mcat174812.tif
lewis_t651,mcat174821.tif|mcat174822.tif
lewis_t652,mcat174831.tif|mcat174832.tif
lewis_t653,mcat174841.tif|mcat174842.tif
lewis_t654,mcat174851.tif|mcat174852.tif
lewis_t655,mcat174861.tif|mcat174862.tif
lewis_t656,mcat174871.tif|mcat174872.tif
lewis_t657,mcat174881.tif|mcat174882.tif
lewis_t658,mcat184891.tif|mcat184892.tif|mcat184893.tif|mcat184894.tif
lewis_t659,mcat184901.tif|mcat184902.tif
lewis_t660,mcat184911.tif|mcat184912.tif|mcat184913.tif|mcat184914.tif|mcat184915.tif|mcat184916.tif
lewis_t661,mcat184921.tif|mcat184922.tif|mcat184923.tif|mcat184924.tif|mcat184925.tif|mcat184926.tif
lewis_t662,mcat184931.tif|mcat184932.tif
lewis_t663,mcat184941.tif|mcat184942.tif
lewis_t664,mcat184951.tif|mcat184952.tif|mcat184953.tif|mcat184954.tif|mcat184955.tif|mcat184956.tif|mcat184957.tif|mcat184958.tif
lewis_t665,mcat18496a.tif|mcat18496b.tif|mcat18496c.tif|mcat18496d.tif|mcat18496e.tif|mcat18496f.tif|mcat18496g.tif|mcat18496h.tif|mcat18496i.tif|mcat18496j.tif|mcat18496k.tif|mcat18496l.tif|mcat18496m.tif|mcat18496n.tif
lewis_t666,mcat184971.tif|mcat184972.tif|mcat184973.tif|mcat184974.tif|mcat184975.tif|mcat184976.tif|mcat184977.tif|mcat184978.tif
lewis_t667,mcat184981.tif|mcat184982.tif|mcat184983.tif|mcat184984.tif|mcat184985.tif|mcat184986.tif|mcat184987.tif|mcat184988.tif
lewis_t668,mcat184991.tif|mcat184992.tif|mcat184993.tif|mcat184994.tif
lewis_t669,mcat185001.tif|mcat185002.tif|mcat185003.tif|mcat185004.tif
lewis_t670,mcat185011.tif|mcat185012.tif
lewis_t671,mcat185021.tif|mcat185022.tif|mcat185023.tif
lewis_t672,mcat185031.tif|mcat185032.tif
lewis_t673,mcat185041.tif|mcat185042.tif
lewis_t674,mcat185051.tif|mcat185052.tif
lewis_t675,mcat185061.tif|mcat185062.tif
lewis_t676,mcat185071.tif|mcat185072.tif|mcat185073.tif
lewis_t677,mcat185081.tif|mcat185082.tif
lewis_t678,mcat185091.tif
lewis_t679,mcat185101.tif
lewis_t680,mcat185111.tif
lewis_t512,mcat185121.tif
lewis_t513,mcat185131.tif
lewis_t514,mcat185141.tif
lewis_t515,mcat185151.tif
lewis_t516,mcat185161.tif
lewis_t517,mcat185171.tif
lewis_t518,mcat185181.tif|mcat185182.tif
lewis_t519,mcat185191.tif|mcat185192.tif
lewis_t520,mcat185201.tif|mcat185202.tif
lewis_t521,mcat185211.tif|mcat185212.tif
lewis_t522,mcat185221.tif|mcat185222.tif
lewis_t523,mcat185231.tif|mcat185232.tif
lewis_t524,mcat185241.tif|mcat185242.tif
lewis_t525,mcat185251.tif|mcat185252.tif
lewis_t466,mcat194661.tif|mcat194662.tif
lewis_t467,mcat194671.tif
lewis_t468,mcat194681.tif
lewis_t526,mcat195261.tif|mcat195262.tif
lewis_t527,mcat195271.tif|mcat195272.tif
lewis_t528,mcat195281.tif|mcat195282.tif
lewis_t529,mcat195291.tif|mcat195292.tif
lewis_t530,mcat195301.tif|mcat195302.tif
lewis_t531,mcat195311.tif|mcat195312.tif
lewis_t532,mcat195321.tif|mcat195322.tif
lewis_t533,mcat195331.tif|mcat195332.tif
lewis_t534,mcat195341.tif|mcat195342.tif
lewis_t535,mcat195351.tif|mcat195352.tif
lewis_t536,mcat195361.tif|mcat195362.tif
lewis_t537,mcat195371.tif|mcat195372.tif
lewis_t538,mcat195381.tif|mcat195382.tif
lewis_t539,mcat195391.tif|mcat195392.tif
lewis_t540,mcat195401.tif|mcat195402.tif
lewis_t541,mcat195411.tif|mcat195412.tif
lewis_t542,mcat195421.tif|mcat195422.tif
lewis_t543,mcat195431.tif|mcat195432.tif
lewis_t544,mcat195441.tif|mcat195442.tif
lewis_t545,mcat195451.tif|mcat195452.tif
lewis_t546,mcat195461.tif|mcat195462.tif
lewis_t547,mcat195471.tif|mcat195472.tif
lewis_t548,mcat195481.tif|mcat195482.tif
lewis_t549,mcat195491.tif|mcat195492.tif
lewis_t550,mcat195501.tif|mcat195502.tif
lewis_t551,mcat195511.tif|mcat195512.tif
lewis_t552,mcat195521.tif|mcat195522.tif
lewis_t553,mcat195531.tif|mcat195532.tif
lewis_t554,mcat195541.tif|mcat195542.tif
lewis_t555,mcat205551.tif|mcat205552.tif
lewis_t556,mcat205561.tif|mcat205562.tif
lewis_t557,mcat205571.tif|mcat205572.tif
lewis_t558,mcat205581.tif|mcat205582.tif
lewis_t559,mcat205591.tif|mcat205592.tif|mcat205593.tif|mcat205594.tif
lewis_t560,mcat205601.tif|mcat205602.tif|mcat205603.tif|mcat205604.tif
lewis_t561,mcat205611.tif|mcat205612.tif|mcat205613.tif|mcat205614.tif
lewis_t562,mcat205621.tif|mcat205622.tif|mcat205623.tif|mcat205624.tif
lewis_t563,mcat205631.tif|mcat205632.tif
lewis_t564,mcat205641.tif|mcat205642.tif
lewis_t565,mcat205651.tif|mcat205652.tif
lewis_t566,mcat205661.tif|mcat205662.tif
lewis_t567,mcat205671.tif|mcat205672.tif
lewis_t572,mcat205721.tif|mcat205722.tif
lewis_t568,mcat215681.tif|mcat215682.tif
lewis_t569,mcat215691.tif|mcat215692.tif
lewis_t570,mcat215701.tif|mcat215702.tif|mcat215703.tif|mcat215704.tif
lewis_t571,mcat215711.tif|mcat215712.tif
lewis_t573,mcat215731.tif|mcat215732.tif
lewis_t574,mcat215741.tif|mcat215742.tif
lewis_t575,mcat215751.tif|mcat215752.tif|mcat215753.tif|mcat215754.tif
lewis_t576,mcat215761.tif|mcat215762.tif|mcat215763.tif|mcat215764.tif|mcat215765.tif|mcat215766.tif|mcat21576a.tif|mcat21576b.tif|mcat21576c.tif|mcat21576d.tif|mcat21576e.tif|mcat21576f.tif|mcat21576g.tif|mcat21576h.tif|mcat21576i.tif|mcat21576j.tif|mcat21576k.tif|mcat21576l.tif|mcat21576m.tif|mcat21576n.tif|mcat21576o.tif|mcat21576p.tif|mcat21576q.tif|mcat21576r.tif|mcat21576s.tif|mcat21576t.tif|mcat21576u.tif|mcat21576v.tif|mcat21576w.tif|mcat21576x.tif|mcat21576y.tif|mcat21576z.tif
lewis_t577,mcat215771.tif|mcat215772.tif
lewis_t578,mcat215781.tif|mcat215782.tif
